Date,Time,CO(GT),PT08.S1(CO),NMHC(GT),C6H6(GT),PT08.S2(NMHC),NOx(GT),PT08.S3(NOx),NO2(GT),PT08.S4(NO2),PT08.S5(O3),T,RH,AH,hour,weekday_Monday,weekday_Saturday,weekday_Sunday,weekday_Thursday,weekday_Tuesday,weekday_Wednesday
2004-03-10,18:00:00,2.6,1360.0,150.0,11.881723488680304,1045.5,166.0,1056.25,113.0,1692.0,1267.5,13.599999904633,48.875000953674,0.7577538251293606,18,False,False,False,False,False,True
2004-03-10,19:00:00,2.0,1292.25,112.0,9.397164889581603,954.75,103.0,1173.75,92.0,1558.75,972.25,13.299999952316,47.699999809265,0.7254874492424674,19,False,False,False,False,False,True
2004-03-10,20:00:00,2.2,1402.0,88.0,8.997816871326798,939.25,131.0,1140.0,114.0,1554.5,1074.0,11.900000095367,53.97500038147,0.7502390673981953,20,False,False,False,False,False,True
2004-03-10,21:00:00,2.2,1375.5,80.0,9.228796421407274,948.25,172.0,1092.0,122.0,1583.75,1203.25,11.0,60.0,0.7867125330859253,21,False,False,False,False,False,True
2004-03-10,22:00:00,1.6,1272.25,51.0,6.518223669074141,835.5,131.0,1205.0,116.0,1490.0,1110.0,11.150000095367,59.575000762939,0.7887942318667593,22,False,False,False,False,False,True
2004-03-10,23:00:00,1.2,1197.0,38.0,4.741012362478748,750.25,89.0,1336.5,96.0,1393.0,949.25,11.175000190735,59.175000190735,0.7847716643397448,23,False,False,False,False,False,True
2004-03-11,00:00:00,1.2,1185.0,31.0,3.624399189797516,689.5,62.0,1461.75,77.0,1332.75,732.5,11.324999809265,56.77499961853,0.7603119392843289,0,False,False,False,True,False,False
2004-03-11,01:00:00,1.0,1136.25,31.0,3.3266769916607997,672.0,62.0,1453.25,76.0,1332.75,729.5,10.674999952316,60.0,0.7702384578230451,1,False,False,False,True,False,False
2004-03-11,02:00:00,0.9,1094.0,24.0,2.3394161950867094,608.5,45.0,1579.0,60.0,1276.0,619.5,10.650000095367,59.674999237061,0.7648187256861201,2,False,False,False,True,False,False
2004-03-11,05:00:00,0.7,1066.0,8.0,1.1334305711878574,512.0,16.0,1918.0,28.0,1182.0,421.75,10.999999761581,56.175000190735,0.7365596001806396,5,False,False,False,True,False,False
2004-03-11,06:00:00,0.7,1051.75,16.0,1.6037678797288073,553.25,34.0,1738.25,48.0,1221.25,471.5,10.450000047684,58.125,0.7352950830247281,6,False,False,False,True,False,False
2004-03-11,07:00:00,1.1,1144.0,29.0,3.2436181473100727,667.0,98.0,1489.75,82.0,1339.0,729.75,10.200000047684,59.599999427795,0.7417361628563275,7,False,False,False,True,False,False
2004-03-11,08:00:00,2.0,1333.25,64.0,8.013772987090615,899.75,174.0,1136.0,112.0,1517.0,1101.5,10.75,57.425000190735,0.7407945757399766,8,False,False,False,True,False,False
2004-03-11,09:00:00,2.2,1351.0,87.0,9.540642925320222,960.25,129.0,1079.0,101.0,1582.75,1027.75,10.5,60.599998474121,0.7691107927579083,9,False,False,False,True,False,False
2004-03-11,10:00:00,1.7,1233.25,77.0,6.335782437222818,827.25,112.0,1218.0,98.0,1445.75,859.75,10.799999952316,58.35000038147,0.7551830826522904,10,False,False,False,True,False,False
2004-03-11,11:00:00,1.5,1178.75,43.0,4.971583761462568,762.0,95.0,1327.5,92.0,1361.75,670.5,10.499999761581,57.925000190735,0.7351607796315153,11,False,False,False,True,False,False
2004-03-11,12:00:00,1.6,1236.0,61.0,5.216918999884966,774.25,104.0,1301.25,95.0,1401.25,664.0,9.5249998569489,66.774998664856,0.7950537885142038,12,False,False,False,True,False,False
2004-03-11,13:00:00,1.9,1285.5,63.0,7.26993335753569,868.5,146.0,1162.25,112.0,1536.75,799.0,8.299999833107,76.425001144409,0.8392680677502771,13,False,False,False,True,False,False
2004-03-11,14:00:00,2.9,1371.0,164.0,11.539007213563714,1033.5,207.0,983.25,128.0,1730.25,1036.5,8.0,81.14999961853,0.8735885336185425,14,False,False,False,True,False,False
2004-03-11,15:00:00,2.2,1310.0,79.0,8.826222726457212,932.5,184.0,1081.75,126.0,1646.5,946.25,8.325000166893,79.799999237061,0.8777844450980445,15,False,False,False,True,False,False
2004-03-11,16:00:00,2.2,1291.75,95.0,8.301413416761816,911.5,193.0,1102.5,131.0,1590.75,956.75,9.7000000476837,71.150001525879,0.8569381279436317,16,False,False,False,True,False,False
2004-03-11,17:00:00,2.9,1383.0,150.0,11.151581216129403,1019.75,243.0,1008.0,135.0,1718.75,1104.0,9.7750000953674,67.624998092651,0.8185012074753434,17,False,False,False,True,False,False
2004-03-11,18:00:00,4.8,1580.75,307.0,20.799216861460543,1318.5,281.0,798.5,151.0,2083.0,1408.5,10.349999904633,64.174999237061,0.806543633173666,18,False,False,False,True,False,False
2004-03-11,19:00:00,6.9,1775.5,461.0,27.359807493586764,1487.75,383.0,702.25,172.0,2332.5,1704.0,9.6500000953674,69.300001144409,0.8319211444100879,19,False,False,False,True,False,False
2004-03-11,20:00:00,6.1,1640.0,401.0,24.017756935949226,1404.0,351.0,742.75,165.0,2191.25,1653.75,9.6499998569489,67.75,0.8133139353625914,20,False,False,False,True,False,False
2004-03-11,21:00:00,3.9,1312.75,197.0,12.779368248758171,1076.25,240.0,957.25,136.0,1706.5,1284.75,9.125,63.974999427795,0.7419242244892506,21,False,False,False,True,False,False
2004-03-11,22:00:00,1.5,964.5,61.0,4.707071919244755,748.5,94.0,1325.25,85.0,1332.5,821.0,8.1750001907349,63.39999961853,0.6904844466414399,22,False,False,False,True,False,False
2004-03-11,23:00:00,1.0,912.75,26.0,2.6457215096105893,629.25,47.0,1564.5,53.0,1252.25,551.75,8.2499998807907,60.824998855591,0.6657443604063102,23,False,False,False,True,False,False
2004-03-12,00:00:00,1.7,1080.25,55.0,5.85480151426304,805.0,122.0,1253.5,97.0,1375.0,815.5,8.3250002861023,58.525000572205,0.6437636096330573,0,False,False,False,False,False,False
2004-03-12,01:00:00,1.9,1043.75,53.0,6.37429750967153,829.0,133.0,1247.25,110.0,1378.25,831.5,7.7250001430511,59.674999237061,0.6307660602738635,1,False,False,False,False,False,False
2004-03-12,02:00:00,1.4,987.75,40.0,4.132341795103469,718.0,82.0,1395.5,91.0,1303.5,691.5,7.125,61.799999237061,0.6275973687868803,2,False,False,False,False,False,False
2004-03-12,05:00:00,0.6,847.25,7.0,1.0224145989759525,501.25,30.0,1894.5,44.0,1154.75,394.0,6.2749999761581,64.97500038147,0.6232823211022999,5,False,False,False,False,False,False
2004-03-12,06:00:00,0.8,927.0,17.0,1.8304312258349797,571.25,56.0,1684.75,71.0,1222.75,486.5,6.75,62.949999809265,0.6234275392144519,6,False,False,False,False,False,False
2004-03-12,07:00:00,1.4,1090.5,33.0,4.359340996864498,730.25,109.0,1387.0,104.0,1360.75,748.25,6.4499999284744,65.075001716614,0.6316281144389537,7,False,False,False,False,False,False
2004-03-12,08:00:00,4.4,1587.0,202.0,17.865586704833834,1235.5,307.0,896.5,141.0,1900.25,1400.25,7.3250000476837,63.14999961853,0.6499331393073879,8,False,False,False,False,False,False
2004-03-12,10:00:00,3.1,1350.25,208.0,14.02701136675159,1117.5,187.0,912.0,122.0,1711.75,1237.0,13.224999904633,41.749999046326,0.6319501309937225,10,False,False,False,False,False,False
2004-03-12,11:00:00,2.7,1262.75,166.0,11.645646559704057,1037.25,216.0,969.0,143.0,1598.25,1166.5,14.325000047684,38.449999809265,0.6243042942153901,11,False,False,False,False,False,False
2004-03-12,12:00:00,2.1,1206.25,114.0,10.224662143952827,986.0,143.0,1034.5,113.0,1537.0,959.0,15.025000095367,36.5,0.6195323226057363,12,False,False,False,False,False,False
2004-03-12,13:00:00,2.5,1251.5,140.0,11.039936039300839,1015.75,160.0,1007.5,116.0,1592.75,983.0,16.100000143051,34.474999427795,0.6261647401566796,13,False,False,False,False,False,False
2004-03-12,14:00:00,2.7,1287.0,169.0,12.816446196415624,1077.5,163.0,948.75,123.0,1660.25,1060.75,16.275000572205,35.72500038147,0.6560306119627572,14,False,False,False,False,False,False
2004-03-12,15:00:00,2.9,1352.75,185.0,14.173851177910128,1122.25,190.0,921.75,126.0,1740.0,1139.25,15.825000047684,37.02499961853,0.6609611395034868,15,False,False,False,False,False,False
2004-03-12,16:00:00,2.8,1309.0,165.0,12.690568103372724,1073.25,178.0,954.0,120.0,1657.25,1112.25,15.874999761581,37.175000190735,0.6657285250911997,16,False,False,False,False,False,False
2004-03-12,17:00:00,2.4,1274.0,133.0,11.738405416264687,1040.5,150.0,1005.75,119.0,1609.75,993.75,16.875000238419,34.349999427795,0.6549085143270723,17,False,False,False,False,False,False
2004-03-12,18:00:00,3.9,1509.5,233.0,19.290974886272963,1276.5,206.0,812.25,149.0,1909.75,1409.5,15.149999856949,39.550000190735,0.6766265078085045,18,False,False,False,False,False,False
2004-03-12,19:00:00,3.7,1525.25,242.0,18.226178291697384,1246.0,202.0,821.0,145.0,1846.75,1447.75,14.399999856949,43.425000190735,0.7084497598177374,19,False,False,False,False,False,False
2004-03-12,20:00:00,6.6,1843.0,488.0,32.55627834707047,1609.75,340.0,624.0,170.0,2390.25,1886.5,12.875,50.525000572205,0.7478032188508966,20,False,False,False,False,False,False
2004-03-12,21:00:00,4.4,1597.75,333.0,20.092943564494178,1299.0,274.0,752.0,149.0,1940.5,1626.75,12.149999856949,53.349999427795,0.7536202227825304,21,False,False,False,False,False,False
2004-03-12,22:00:00,3.5,1483.5,215.0,14.321342422629458,1127.0,253.0,839.0,139.0,1723.0,1491.0,10.975000143051,59.125000953674,0.7739800033862854,22,False,False,False,False,False,False
2004-03-12,23:00:00,5.4,1677.25,367.0,21.81286506943192,1346.0,300.0,740.5,134.0,2062.0,1657.0,9.6749999523163,64.624999046326,0.7770739425473616,23,False,False,False,False,False,False
2004-03-13,00:00:00,2.7,1279.5,122.0,9.638999814518419,964.0,193.0,962.5,113.0,1543.5,1285.25,9.4500002861023,64.125,0.7597465282359432,0,False,True,False,False,False,False
2004-03-13,01:00:00,1.9,1196.25,67.0,7.375139467546298,873.0,139.0,1071.25,97.0,1463.25,1144.25,9.1499998569489,63.900001525879,0.7422764129225364,1,False,True,False,False,False,False
2004-03-13,02:00:00,1.6,1183.75,43.0,5.369604169687442,781.75,83.0,1176.25,82.0,1364.5,1042.75,8.7999999523163,63.924998283386,0.7256153712649386,2,False,True,False,False,False,False
2004-03-13,05:00:00,1.0,978.25,30.0,2.577932199377853,624.75,62.0,1420.25,65.0,1274.25,819.25,8.2999999523163,63.574999809265,0.6981546204756909,5,False,True,False,False,False,False
2004-03-13,06:00:00,1.2,1099.5,27.0,2.908548009422834,646.25,53.0,1406.25,60.0,1267.5,835.0,7.2000000476837,67.47500038147,0.6886721470838881,6,False,True,False,False,False,False
2004-03-13,07:00:00,1.5,1112.25,47.0,5.136255828724421,770.25,139.0,1228.0,77.0,1408.5,939.75,6.3499999046326,71.89999961853,0.6931985587343715,7,False,True,False,False,False,False
2004-03-13,08:00:00,2.7,1335.5,132.0,11.817138600992351,1043.25,256.0,935.25,96.0,1678.0,1191.75,6.450000166893,71.550001144409,0.6944754797176015,8,False,True,False,False,False,False
2004-03-13,09:00:00,3.7,1408.3333333333,239.0,15.140161198407567,1153.0,295.0,830.33333333333,119.0,1776.6666666667,1411.0,9.5666666030884,59.666667938232,0.7123665611992754,9,False,True,False,False,False,False
2004-03-13,10:00:00,3.2,1447.0,160.0,12.913063095907157,1080.75,250.0,868.5,126.0,1666.75,1465.0,12.375,51.175000190735,0.7334583850640767,10,False,True,False,False,False,False
2004-03-13,11:00:00,4.1,1541.5,283.0,16.133508844949027,1183.75,296.0,808.25,158.0,1779.75,1582.5,15.649999856949,42.199999809265,0.7450937577774329,11,False,True,False,False,False,False
2004-03-13,12:00:00,3.6,1451.25,210.0,14.019301019815009,1117.25,239.0,875.25,161.0,1679.25,1387.25,18.400000095367,33.824999809265,0.708963570176462,12,False,True,False,False,False,False
2004-03-13,13:00:00,2.8,1328.25,154.0,12.279664077200536,1059.25,153.0,986.5,124.0,1599.5,1100.5,19.35000038147,31.275000095367,0.6950081047527402,13,False,True,False,False,False,False
2004-03-13,14:00:00,2.0,1206.5,112.0,8.618412576532277,924.25,118.0,1087.75,102.0,1488.25,849.75,18.02499961853,34.800000190735,0.7126738741944919,14,False,True,False,False,False,False
2004-03-13,15:00:00,2.0,1239.5,108.0,9.196566740238417,947.0,119.0,1049.0,116.0,1531.75,947.0,18.375,33.64999961853,0.704207020809635,15,False,True,False,False,False,False
2004-03-13,16:00:00,2.5,1306.0,111.0,10.244887084344466,986.75,138.0,1004.0,124.0,1554.0,1078.0,17.625,35.10000038147,0.7012032509364389,16,False,True,False,False,False,False
2004-03-13,17:00:00,2.3,1326.0,97.0,10.611844460473737,1000.25,148.0,975.5,125.0,1601.5,1083.75,16.675000190735,37.799999237061,0.7117364038435915,17,False,True,False,False,False,False
2004-03-13,18:00:00,3.2,1472.75,191.0,15.452209964915284,1162.75,227.0,830.5,148.0,1779.0,1394.75,16.099999904633,41.02499961853,0.7451314943585404,18,False,True,False,False,False,False
2004-03-13,19:00:00,4.2,1609.0,258.0,19.636784663917272,1286.25,277.0,757.5,165.0,1922.0,1611.5,15.825000047684,42.400000572205,0.7569143276676089,19,False,True,False,False,False,False
2004-03-13,20:00:00,4.2,1610.75,284.0,19.202727916183612,1274.0,279.0,754.25,161.0,1915.0,1697.25,15.650000095367,44.10000038147,0.7786406550707863,20,False,True,False,False,False,False
2004-03-13,21:00:00,4.2,1620.5,269.0,18.269310357149713,1247.25,283.0,762.0,159.0,1860.0,1885.5,15.325000047684,46.775000572205,0.8091244285768237,21,False,True,False,False,False,False
2004-03-13,22:00:00,3.1,1444.25,180.0,13.14470430189378,1088.5,214.0,844.0,143.0,1747.5,1623.75,14.649999856949,48.625,0.8059694141072296,22,False,True,False,False,False,False
2004-03-13,23:00:00,2.6,1418.0,116.0,10.873367154415865,1009.75,172.0,892.0,130.0,1603.0,1536.25,14.700000286102,49.275000572205,0.8193361244198358,23,False,True,False,False,False,False
2004-03-14,00:00:00,2.9,1533.5,93.0,10.963457959141822,1013.0,190.0,888.5,129.0,1610.75,1534.75,13.949999809265,53.60000038147,0.8497717204331877,0,False,False,True,False,False,False
2004-03-14,01:00:00,2.8,1483.5,131.0,11.86017851848332,1044.75,174.0,879.75,119.0,1624.25,1529.75,14.649999856949,51.5,0.8536231326791223,1,False,False,True,False,False,False
2004-03-14,02:00:00,2.5,1366.75,92.0,8.624678823055866,924.5,128.0,952.5,104.0,1543.0,1337.0,12.549999952316,58.900000572205,0.8537400738793904,2,False,False,True,False,False,False
2004-03-14,05:00:00,1.2,1062.0,32.0,3.650423146324865,691.0,53.0,1271.5,70.0,1376.75,929.0,11.475000143051,63.10000038147,0.8532753834381319,5,False,False,True,False,False,False
2004-03-14,06:00:00,1.0,1075.75,29.0,2.4813419346402656,618.25,44.0,1395.25,63.0,1333.0,872.25,11.599999904633,62.150000572205,0.8472636259100265,6,False,False,True,False,False,False
2004-03-14,07:00:00,0.9,1028.25,27.0,2.4299844022774177,614.75,74.0,1383.5,67.0,1340.0,853.0,10.399999856949,67.649998664856,0.8529987302926639,7,False,False,True,False,False,False
2004-03-14,08:00:00,1.4,1154.5,36.0,4.210510136054915,722.25,101.0,1224.75,84.0,1413.75,959.25,11.574999809265,62.674999237061,0.8530382230087753,8,False,False,True,False,False,False
2004-03-14,09:00:00,1.6,1235.25,57.0,6.352276711074662,828.0,118.0,1055.25,83.0,1527.0,1093.25,12.424999952316,60.0,0.8627151273296463,9,False,False,True,False,False,False
2004-03-14,10:00:00,2.2,1331.5,129.0,8.587110474608117,923.0,144.0,951.75,98.0,1613.75,1225.0,14.525000095367,53.074999809265,0.8727816223552813,10,False,False,True,False,False,False
2004-03-14,11:00:00,2.8,1444.75,148.0,10.859535166937011,1009.25,176.0,878.25,114.0,1696.0,1355.25,16.875000476837,46.099999427795,0.8789310942666374,11,False,False,True,False,False,False
2004-03-14,12:00:00,2.8,1415.5,145.0,10.659815662688954,1002.0,161.0,906.75,119.0,1676.5,1261.5,19.300000190735,38.25,0.8474048021414429,12,False,False,True,False,False,False
2004-03-14,13:00:00,2.0,1281.25,93.0,7.540072456167103,880.0,113.0,1083.75,104.0,1525.0,980.0,21.174999713898,31.449999809265,0.7811957165002227,13,False,False,True,False,False,False
2004-03-14,14:00:00,1.8,1207.25,84.0,7.5045987950378565,878.5,103.0,1103.5,102.0,1489.5,872.25,21.424999713898,30.199999809265,0.7615918767626616,14,False,False,True,False,False,False
2004-03-14,15:00:00,1.9,1257.75,99.0,8.160112924625768,905.75,112.0,1081.25,107.0,1511.0,900.25,21.925000190735,28.950000286102,0.7524589545694458,15,False,False,True,False,False,False
2004-03-14,16:00:00,3.0,1457.75,150.0,11.867358322901142,1045.0,170.0,973.75,129.0,1646.0,1098.5,22.224999904633,28.39999961853,0.7516273241188697,16,False,False,True,False,False,False
2004-03-14,17:00:00,2.9,1437.75,156.0,12.033004745084428,1050.75,180.0,942.5,128.0,1667.5,1206.25,21.299999713898,30.75,0.7696154919144513,17,False,False,True,False,False,False
2004-03-14,18:00:00,2.5,1477.75,122.0,12.163323306748472,1055.25,160.0,929.25,121.0,1670.75,1262.25,19.650000095367,36.699999809265,0.8307061318496992,18,False,False,True,False,False,False
2004-03-14,19:00:00,4.6,1807.5,262.0,20.57171487732563,1312.25,261.0,753.25,157.0,1992.75,1697.75,18.374999523163,41.72500038147,0.8731957705577488,19,False,False,True,False,False,False
2004-03-14,20:00:00,5.9,1898.0,341.0,23.142125805295404,1381.25,325.0,680.5,173.0,2102.75,1904.75,17.625,46.099999427795,0.9209535360575977,20,False,False,True,False,False,False
2004-03-14,21:00:00,3.4,1559.5,214.0,14.720453409836011,1139.75,217.0,783.75,146.0,1817.5,1648.0,16.650000095367,49.575000762939,0.9319900473249648,21,False,False,True,False,False,False
2004-03-14,22:00:00,2.1,1324.25,100.0,9.004199247323303,939.5,146.0,923.5,121.0,1587.0,1422.75,16.25,50.950000762939,0.9341472131622557,22,False,False,True,False,False,False
2004-03-14,23:00:00,2.2,1348.75,79.0,8.83888507899354,933.0,152.0,933.0,119.0,1616.5,1348.75,14.725000143051,55.925000190735,0.9313856224921276,23,False,False,True,False,False,False
2004-03-15,00:00:00,1.8,1238.75,66.0,7.3575603748787675,872.25,104.0,985.0,99.0,1546.5,1250.25,14.825000047684,54.675001144409,0.9163543254683045,0,True,False,False,False,False,False
2004-03-15,01:00:00,1.8,1239.0,73.0,6.918207216219388,853.25,106.0,1010.25,93.0,1543.25,1173.75,14.049999952316,57.0,0.9094489367663466,1,True,False,False,False,False,False
2004-03-15,02:00:00,1.8,1223.75,66.0,6.958191195775006,855.0,108.0,998.25,88.0,1565.75,1148.75,13.350000143051,61.349999427795,0.936085703142246,2,True,False,False,False,False,False
2004-03-15,05:00:00,1.0,1074.5,39.0,3.8659143375749494,703.25,88.0,1155.75,74.0,1463.75,1010.0,11.899999856949,67.449998855591,0.9375381769341324,5,True,False,False,False,False,False
2004-03-15,06:00:00,1.4,1156.75,51.0,6.3853200900791585,829.5,138.0,1029.5,80.0,1584.0,1083.0,11.375,70.52499961853,0.9475162243381903,6,True,False,False,False,False,False
2004-03-15,07:00:00,2.2,1314.0,107.0,9.685046806517573,965.75,228.0,896.75,89.0,1710.25,1234.75,11.324999809265,70.200000762939,0.940095096018487,7,True,False,False,False,False,False
2004-03-15,08:00:00,5.5,1796.75,336.0,25.870457660998934,1451.0,360.0,652.0,114.0,2323.0,1679.5,12.400000095367,63.875000953674,0.9169546941482681,8,True,False,False,False,False,False
2004-03-15,09:00:00,8.1,1961.25,618.0,36.69206253067248,1701.0,478.0,536.75,149.0,2665.25,2184.25,14.774999856949,54.324999809265,0.9076095360418625,9,True,False,False,False,False,False
2004-03-15,10:00:00,5.8,1770.5,438.0,26.6360247644022,1470.0,394.0,621.5,157.0,2261.5,1973.0,17.400000095367,45.64999961853,0.8992981706467373,10,True,False,False,False,False,False
2004-03-15,11:00:00,4.2,1563.5,334.0,20.11092309343549,1299.5,319.0,709.75,155.0,2029.0,1798.25,19.800000190735,38.525000572205,0.880059991386787,11,True,False,False,False,False,False
2004-03-15,12:00:00,3.1,1430.0,221.0,14.096485799877708,1119.75,201.0,830.5,134.0,1783.25,1522.0,22.025000095367,34.050000190735,0.8903685188126028,12,True,False,False,False,False,False
2004-03-15,13:00:00,2.9,1417.25,207.0,14.9257192296359,1146.25,171.0,829.5,119.0,1830.5,1404.0,23.324999809265,32.174999237061,0.9095992195673936,13,True,False,False,False,False,False
2004-03-15,14:00:00,2.9,1400.25,191.0,15.436141471547911,1162.25,159.0,838.25,111.0,1828.5,1263.25,23.875,29.97500038147,0.8756585288124981,14,True,False,False,False,False,False
2004-03-15,15:00:00,2.5,1317.25,185.0,12.09085021877653,1052.75,153.0,926.0,104.0,1706.75,1137.0,24.449999809265,28.900000095367,0.873591912397843,15,True,False,False,False,False,False
2004-03-15,16:00:00,2.3,1317.75,141.0,11.524820242423965,1033.0,143.0,949.75,99.0,1675.0,1068.0,24.375,29.39999961853,0.8847617117200978,16,True,False,False,False,False,False
2004-03-15,17:00:00,2.8,1445.25,214.0,14.759833471701361,1141.0,156.0,856.5,110.0,1823.5,1251.5,23.849999904633,31.325000762939,0.913735211108514,17,True,False,False,False,False,False
2004-03-15,18:00:00,6.1,1917.0,471.0,32.14884367945396,1600.5,314.0,631.25,162.0,2447.0,1843.25,22.549999237061,35.375000953674,0.9546998207473483,18,True,False,False,False,False,False
2004-03-15,19:00:00,8.0,2039.75,685.0,39.20233967931091,1754.25,404.0,542.25,187.0,2679.0,2122.25,20.425000667572,42.5,1.0086313341074233,19,True,False,False,False,False,False
2004-03-15,20:00:00,6.5,1894.75,538.0,30.961305060452627,1573.25,320.0,565.0,165.0,2442.75,1991.5,18.275000095367,52.625000953674,1.0945180933132785,20,True,False,False,False,False,False
2004-03-15,21:00:00,4.2,1594.5,319.0,19.895621463254436,1293.5,256.0,678.25,145.0,2057.5,1707.0,16.650000095367,57.375,1.0786268914239705,21,True,False,False,False,False,False
2004-03-15,22:00:00,3.2,1438.5,224.0,15.31585504960172,1158.5,193.0,764.25,125.0,1856.25,1494.25,15.699999809265,60.150000572205,1.0653715549625937,22,True,False,False,False,False,False
2004-03-15,23:00:00,1.4,1141.5,67.0,6.895403347240391,852.25,89.0,1008.25,101.0,1547.25,1164.25,15.250000238419,61.449998855591,1.0579554990778919,23,True,False,False,False,False,False
2004-03-16,00:00:00,2.1,1303.6666666667,155.0,11.139929168771717,1019.3333333333,127.0,852.33333333333,103.0,1731.3333333333,1271.6666666667,14.066666603088,65.699999491374,1.049372403097042,0,False,False,False,False,True,False
2004-03-16,01:00:00,1.2,1074.25,49.0,5.40550061636386,783.5,79.0,1097.75,88.0,1483.0,1039.75,14.825000047684,60.550001144409,1.0148194658330398,1,False,False,False,False,True,False
2004-03-16,02:00:00,0.8,968.0,29.0,2.810688037123539,640.0,43.0,1319.5,61.0,1385.75,866.75,14.75,59.224999427795,0.9879081107816498,2,False,False,False,False,True,False
2004-03-16,05:00:00,0.6,937.0,17.0,2.0087426345174735,584.75,38.0,1411.5,52.0,1348.0,792.5,12.75,63.22500038147,0.9282898040213576,5,False,False,False,False,True,False
2004-03-16,06:00:00,0.9,1017.0,27.0,3.4826893251173856,681.25,82.0,1245.75,64.0,1417.5,869.5,11.174999952316,68.47500038147,0.9081071231015929,6,False,False,False,False,True,False
2004-03-16,07:00:00,1.3,1171.25,50.0,5.131232180692032,770.0,99.0,1161.75,70.0,1466.75,930.0,10.975000143051,66.5,0.8705229495981881,7,False,False,False,False,True,False
2004-03-16,08:00:00,3.4,1541.0,218.0,16.17445704918363,1185.0,263.0,770.0,97.0,1888.75,1406.5,11.674999952316,63.650000572205,0.8719365877065632,8,False,False,False,False,True,False
2004-03-16,09:00:00,3.7,1539.25,285.0,19.663493856394243,1287.0,229.0,697.5,95.0,2054.75,1507.0,13.625,56.299999237061,0.8742650471769098,9,False,False,False,False,True,False
2004-03-16,10:00:00,5.3,1734.75,437.0,25.05515030336349,1430.5,396.0,628.25,150.0,2211.0,1843.25,17.824999332428,42.875,0.8672254631723162,10,False,False,False,False,True,False
2004-03-16,11:00:00,4.1,1571.0,327.0,20.003148782861153,1296.5,314.0,730.0,162.0,1972.75,1729.0,21.449999809265,33.324999332428,0.8416712958240697,11,False,False,False,False,True,False
2004-03-16,12:00:00,3.3,1451.75,283.0,18.347057576589474,1249.5,217.0,775.5,154.0,1868.25,1583.25,24.375,27.35000038147,0.8230691655452694,12,False,False,False,False,True,False
2004-03-16,13:00:00,4.0,1579.0,366.0,22.308582975669996,1359.25,252.0,724.0,161.0,1997.75,1670.75,25.250000476837,26.075000286102,0.8263807552458209,13,False,False,False,False,True,False
2004-03-16,14:00:00,3.8,1466.25,318.0,20.444779979264574,1308.75,263.0,772.5,161.0,1897.0,1491.25,25.825000286102,23.150000095367,0.7589369630881299,14,False,False,False,False,True,False
2004-03-16,15:00:00,2.8,1279.75,228.0,14.610427960363092,1136.25,180.0,892.75,128.0,1675.25,1239.75,27.0,20.200000286102,0.7093615130294146,15,False,False,False,False,True,False
2004-03-16,16:00:00,2.9,1407.0,201.0,16.553254344130867,1196.5,184.0,905.25,129.0,1758.75,1313.0,28.249999523163,18.574999809265,0.7013857388336394,16,False,False,False,False,True,False
2004-03-16,17:00:00,2.9,1388.75,199.0,15.78318309681854,1173.0,190.0,898.25,133.0,1739.0,1363.25,27.974999904633,19.10000038147,0.709825085363188,17,False,False,False,False,True,False
2004-03-16,18:00:00,3.4,1447.25,237.0,17.83994777641898,1234.75,184.0,858.75,139.0,1778.0,1295.75,23.900000095367,25.699999809265,0.7518910408124666,18,False,False,False,False,True,False
2004-03-16,19:00:00,3.9,1551.0,261.0,19.09705933715707,1271.0,181.0,800.25,137.0,1874.5,1432.25,21.349999904633,34.77499961853,0.8729931333855647,19,False,False,False,False,True,False
2004-03-16,20:00:00,3.2,1473.5,230.0,15.766968720541028,1172.5,166.0,854.25,143.0,1776.0,1431.75,20.425000190735,36.675000190735,0.870389489318189,20,False,False,False,False,True,False
2004-03-16,21:00:00,5.1,1799.5,349.0,24.877671870607216,1426.0,317.0,700.0,177.0,2105.5,2033.5,19.025000095367,41.349999427795,0.9007307308826996,21,False,False,False,False,True,False
2004-03-16,22:00:00,2.6,1379.25,183.0,13.529604730694471,1101.25,184.0,817.5,138.0,1710.0,1601.75,17.925000190735,45.900000572205,0.9341860450216591,22,False,False,False,False,True,False
2004-03-16,23:00:00,1.7,1200.5,88.0,9.087345626567226,942.75,130.0,935.0,117.0,1559.75,1361.75,16.700000286102,48.925000190735,0.9226499255272292,23,False,False,False,False,True,False
2004-03-17,00:00:00,1.7,1204.75,85.0,8.630947011140279,924.75,132.0,922.0,107.0,1546.5,1314.25,15.524999856949,52.925000190735,0.9271282297880028,0,False,False,False,False,False,True
2004-03-17,01:00:00,1.2,1071.5,47.0,5.415775467693622,784.0,95.0,1065.5,90.0,1441.75,1113.75,15.475000143051,51.875,0.9058752804047421,1,False,False,False,False,False,True
2004-03-17,02:00:00,0.9,997.75,34.0,4.050256979222614,713.5,70.0,1169.25,79.0,1383.25,991.5,14.125,55.575000762939,0.8909558056211343,2,False,False,False,False,False,True
2004-03-17,05:00:00,0.5,868.75,11.0,1.6068282575436197,553.5,28.0,1459.5,40.0,1267.75,667.0,11.824999809265,58.025000572205,0.8026319321159456,5,False,False,False,False,False,True
2004-03-17,06:00:00,0.5,890.75,18.0,1.8956482143938895,576.25,46.0,1416.5,53.0,1289.25,733.0,11.900000095367,57.39999961853,0.7978457040872352,6,False,False,False,False,False,True
2004-03-17,07:00:00,1.6,1172.75,84.0,7.486888715241108,877.75,160.0,1038.0,84.0,1556.25,1051.75,9.9000000953674,65.199999809265,0.7956455570632858,7,False,False,False,False,False,True
2004-03-17,08:00:00,4.1,1587.25,260.0,21.358791467770352,1333.75,320.0,702.25,108.0,1998.75,1533.5,11.125,60.200000762939,0.7957756867981807,8,False,False,False,False,False,True
2004-03-17,09:00:00,6.6,1851.5,534.0,36.44841296784668,1695.75,377.0,552.75,127.0,2535.25,1931.0,14.124999761581,50.024998664856,0.8019804174284915,9,False,False,False,False,False,True
2004-03-17,10:00:00,4.3,1521.5,368.0,21.266624095947368,1331.25,280.0,702.5,134.0,2025.75,1733.75,17.699999809265,40.099999427795,0.8048291453438373,10,False,False,False,False,False,True
2004-03-17,11:00:00,2.9,1438.25,200.0,15.387978763390306,1160.75,221.0,818.5,135.0,1781.5,1595.0,21.10000038147,33.425000190735,0.8264862161367829,11,False,False,False,False,False,True
2004-03-17,12:00:00,2.5,1393.25,145.0,12.49907422494975,1066.75,210.0,905.0,142.0,1654.25,1489.75,24.300000190735,28.275000572205,0.8471276904737085,12,False,False,False,False,False,True
2004-03-17,13:00:00,2.8,1452.0,188.0,15.108309746474148,1152.0,204.0,860.5,153.0,1747.0,1507.5,25.575000286102,25.550000190735,0.8253948829277935,13,False,False,False,False,False,True
2004-03-17,14:00:00,2.6,1389.25,152.0,13.73529005407188,1108.0,161.0,886.5,123.0,1711.5,1334.0,25.85000038147,25.900000095367,0.8503393425785896,14,False,False,False,False,False,True
2004-03-17,15:00:00,2.0,1207.0,103.0,10.434474065314543,993.75,135.0,1013.0,104.0,1519.5,1044.75,26.824999809265,18.699999809265,0.6500177450710016,15,False,False,False,False,False,True
2004-03-17,16:00:00,2.9,1365.25,193.0,15.164068552106674,1153.75,186.0,939.5,129.0,1678.5,1221.25,29.275000095367,15.750000238419,0.6308904544623257,16,False,False,False,False,False,True
2004-03-17,17:00:00,2.5,1247.0,134.0,12.308823018501508,1060.25,147.0,1032.0,114.0,1524.75,1068.5,28.5,14.900000095367,0.5708019092283132,17,False,False,False,False,False,True
2004-03-17,18:00:00,5.0,1556.75,386.0,26.95102501389812,1477.75,299.0,793.0,158.0,1980.5,1568.5,25.85000038147,15.950000286102,0.5236645833000759,18,False,False,False,False,False,True
2004-03-17,19:00:00,7.6,1972.5,577.0,38.39324611075341,1737.25,411.0,616.75,194.0,2413.75,2305.5,23.125,26.5,0.7402606104103562,19,False,False,False,False,False,True
2004-03-17,20:00:00,6.7,1974.75,523.0,35.103631278136504,1666.5,347.0,596.75,182.0,2415.5,2358.5,20.52499961853,38.249999046326,0.9133141768209518,20,False,False,False,False,False,True
2004-03-17,21:00:00,5.7,1794.75,472.0,27.24713082655587,1485.0,336.0,652.5,180.0,2174.0,2050.0,19.050000190735,42.60000038147,0.9293877038696484,21,False,False,False,False,False,True
2004-03-17,22:00:00,2.8,1443.75,206.0,15.04469265761016,1150.0,202.0,769.5,136.0,1726.5,1726.5,17.150000095367,44.125000953674,0.855830709685321,22,False,False,False,False,False,True
2004-03-17,23:00:00,2.6,1488.0,216.0,15.71027436796261,1170.75,178.0,731.0,127.0,1777.5,1705.0,16.025000095367,50.924999237061,0.9205987579699731,23,False,False,False,False,False,True
2004-03-18,00:00:00,2.3,1371.25,159.0,12.972673346205386,1082.75,154.0,795.75,116.0,1668.75,1550.5,14.799999952316,53.924999237061,0.9023544874899323,0,False,False,False,True,False,False
2004-03-18,01:00:00,1.4,1160.75,70.0,8.123422119877722,904.25,92.0,946.75,107.0,1502.0,1240.25,14.274999856949,55.449999809265,0.8974730609108261,1,False,False,False,True,False,False
2004-03-18,02:00:00,1.0,1064.25,44.0,5.477599159348292,787.0,61.0,1056.75,88.0,1407.0,1115.0,14.75,52.074999809265,0.8686418772067029,2,False,False,False,True,False,False
2004-03-18,05:00:00,0.6,930.5,20.0,2.548044692762577,622.75,37.0,1293.25,57.0,1306.5,827.75,12.0,58.85000038147,0.8233024519061931,5,False,False,False,True,False,False
2004-03-18,06:00:00,0.7,938.0,26.0,2.971926292666244,650.25,68.0,1251.25,71.0,1332.5,893.0,10.949999809265,62.074999809265,0.8112765628062703,6,False,False,False,True,False,False
2004-03-18,07:00:00,1.5,1166.25,78.0,7.664791387485363,885.25,139.0,1005.25,85.0,1550.5,1075.0,10.575000047684,63.25,0.8066818457709178,7,False,False,False,True,False,False
2004-03-18,08:00:00,4.7,1643.0,319.0,23.256799559382376,1384.25,339.0,667.0,124.0,2093.75,1610.25,11.475000143051,60.025000572205,0.8116934242390748,8,False,False,False,True,False,False
2004-03-18,09:00:00,6.6,1934.0,506.0,35.790570713856724,1681.5,421.0,540.5,151.0,2468.25,2050.5,14.275000333786,50.575000762939,0.8185699237552145,9,False,False,False,True,False,False
2004-03-22,16:00:00,2.3,1075.5,451.0,11.553201624877465,1034.0,150.0,964.25,101.0,1544.25,812.5,21.324999809265,24.175000190735,0.6059722402809583,16,True,False,False,False,False,False
2004-03-22,17:00:00,2.6,1151.75,185.0,12.352616700065974,1061.75,138.0,928.0,103.0,1606.25,849.5,20.22500038147,28.5,0.6681783824059524,17,True,False,False,False,False,False
2004-03-22,18:00:00,3.8,1406.75,426.0,18.338412046262704,1249.25,213.0,720.0,129.0,1931.75,1275.75,16.974999904633,43.075000762939,0.8263987212238713,18,True,False,False,False,False,False
2004-03-22,19:00:00,4.4,1437.5,672.0,21.027784709338036,1324.75,232.0,677.5,143.0,1992.5,1400.75,15.599999904633,47.424999237061,0.8347152530947474,19,True,False,False,False,False,False
2004-03-22,20:00:00,4.5,1424.5,624.0,21.046116131019687,1325.25,238.0,678.0,146.0,1965.0,1355.75,15.275000095367,47.425000190735,0.8177834352481763,20,True,False,False,False,False,False
2004-03-22,21:00:00,3.3,1278.5,325.0,14.453859645603398,1131.25,180.0,775.25,124.0,1758.25,1243.0,14.524999856949,49.724999427795,0.8176931732751006,21,True,False,False,False,False,False
2004-03-22,22:00:00,2.0,1131.75,143.0,8.4189190812524,916.25,128.0,920.0,113.0,1560.5,1082.5,13.924999952316,52.0,0.8230932364528829,22,True,False,False,False,False,False
2004-03-22,23:00:00,1.1,1006.25,89.0,4.331267414137387,728.75,65.0,1141.75,80.0,1369.5,795.0,14.474999666214,49.449999809265,0.8105945717127214,23,True,False,False,False,False,False
2004-03-23,00:00:00,0.9,982.25,73.0,3.7993883716478276,699.5,53.0,1204.25,72.0,1358.75,735.0,13.799999952316,51.39999961853,0.8071384129292277,0,False,False,False,False,True,False
2004-03-23,01:00:00,0.8,968.5,48.0,2.744960463816399,635.75,47.0,1271.0,64.0,1309.25,684.0,14.000000238419,51.324999809265,0.8162997807682635,1,False,False,False,False,True,False
2004-03-23,02:00:00,0.7,940.5,47.0,2.5257266429937895,621.25,51.0,1298.25,70.0,1329.75,714.25,12.950000047684,56.774998664856,0.8443615182096388,2,False,False,False,False,True,False
2004-03-23,05:00:00,0.3,833.75,19.0,0.6324529344704092,458.75,13.0,1908.0,22.0,1211.5,361.25,8.8250002861023,80.450000762939,0.9147006711156319,5,False,False,False,False,True,False
2004-03-23,06:00:00,0.5,908.5,26.0,1.7693789354604086,566.5,33.0,1542.0,47.0,1286.5,417.75,9.5750000476837,75.375,0.900402824847413,6,False,False,False,False,True,False
2004-03-23,07:00:00,1.1,1061.0,60.0,4.629884529509057,744.5,103.0,1178.25,88.0,1428.5,616.25,9.7999999523163,74.999998092651,0.909254703700678,7,False,False,False,False,True,False
2004-03-23,08:00:00,3.0,1440.75,248.0,14.220357031168104,1123.75,224.0,851.0,130.0,1829.0,1088.5,10.0,74.224998474121,0.9117336187539158,8,False,False,False,False,True,False
2004-03-23,09:00:00,3.8,1498.25,535.0,21.018621552396723,1324.5,244.0,684.25,132.0,2095.0,1328.75,11.150000095367,69.724998474121,0.9231838171879531,9,False,False,False,False,True,False
2004-03-23,10:00:00,3.4,1342.75,340.0,16.182651999829726,1185.25,237.0,760.0,132.0,1856.5,1310.5,12.0,62.924999237061,0.8803110590017909,10,False,False,False,False,True,False
2004-03-23,11:00:00,3.0,1308.0,325.0,15.540714041369165,1165.5,220.0,791.75,131.0,1794.0,1236.0,12.775000333786,55.824999809265,0.8209580692971273,11,False,False,False,False,True,False
2004-03-23,12:00:00,2.7,1209.0,267.0,13.40834196852907,1097.25,207.0,836.5,129.0,1746.0,1147.25,13.125,54.75,0.823433468722959,12,False,False,False,False,True,False
2004-03-23,13:00:00,3.5,1310.25,325.0,16.88567737249463,1206.5,208.0,770.25,132.0,1846.75,1301.0,13.75,53.350001335144,0.8350917176674897,13,False,False,False,False,True,False
2004-03-23,14:00:00,2.8,1170.75,268.0,12.425753469349981,1064.25,160.0,880.5,110.0,1639.0,1096.5,16.025000095367,42.449999809265,0.7673916089486096,14,False,False,False,False,True,False
2004-03-23,15:00:00,1.9,1112.0,136.0,10.063476527638535,980.0,131.0,923.75,99.0,1588.5,900.25,14.099999904633,49.800000190735,0.7971041564397974,15,False,False,False,False,True,False
2004-03-23,16:00:00,2.0,1132.0,118.0,8.687448039881527,927.0,128.0,944.25,100.0,1570.25,780.5,11.974999904633,61.125000953674,0.8537496126514045,16,False,False,False,False,True,False
2004-03-23,17:00:00,3.0,1225.0,276.0,13.834795263224649,1111.25,176.0,817.75,122.0,1718.75,1013.25,13.599999904633,54.599999427795,0.8465137107145668,17,False,False,False,False,True,False
2004-03-23,18:00:00,1.9,1064.5,151.0,9.345221010408595,952.75,107.0,961.75,97.0,1513.75,789.75,13.650000095367,49.475001335144,0.7695091509871899,18,False,False,False,False,True,False
2004-03-23,19:00:00,2.7,1236.25,236.0,13.009989174919578,1084.0,131.0,853.5,112.0,1687.75,1059.0,11.674999952316,57.099999427795,0.7822086129070637,19,False,False,False,False,True,False
2004-03-23,20:00:00,3.3,1308.5,220.0,14.298011063375009,1126.25,166.0,812.0,128.0,1721.5,1204.75,11.474999904633,58.174999237061,0.7866766040131471,20,False,False,False,False,True,False
2004-03-23,21:00:00,1.7,1089.0,87.0,7.6350173007290705,884.0,89.0,1006.0,101.0,1486.5,974.5,12.600000143051,54.200000762939,0.7881456666289758,21,False,False,False,False,True,False
2004-03-23,22:00:00,1.3,999.66666666667,81.0,5.25237752206223,776.0,81.0,1141.3333333333,96.0,1374.6666666667,896.0,11.966666857402,54.900000254313,0.7663906589383694,22,False,False,False,False,True,False
2004-03-23,23:00:00,1.3,1041.25,74.0,5.369604169687442,781.75,78.0,1105.25,86.0,1424.5,911.0,11.000000238419,61.449999809265,0.8057247626291152,23,False,False,False,False,True,False
2004-03-24,00:00:00,1.2,1044.75,55.0,4.853261953187035,756.0,70.0,1136.75,85.0,1410.5,901.5,11.075000047684,62.224999427795,0.8198751141487293,0,False,False,False,False,False,True
2004-03-24,01:00:00,1.1,997.25,74.0,4.620274381419234,744.0,76.0,1150.5,79.0,1405.0,831.75,10.775000095367,62.549999237061,0.8082234801814543,1,False,False,False,False,False,True
2004-03-24,02:00:00,0.9,948.25,35.0,2.718089095832183,634.0,43.0,1319.75,61.0,1326.0,715.0,11.299999952316,60.024998664856,0.8025317149791713,2,False,False,False,False,False,True
2004-03-24,05:00:00,0.6,892.25,20.0,1.2383083168676672,521.75,34.0,1572.0,54.0,1254.75,647.75,10.875,58.64999961853,0.7627818896319655,5,False,False,False,False,False,True
2004-03-24,06:00:00,0.8,953.75,32.0,1.6997929461444818,561.0,43.0,1495.75,57.0,1255.25,612.25,10.75,57.224999427795,0.7382145238490284,6,False,False,False,False,False,True
2004-03-24,07:00:00,1.2,1045.25,84.0,4.750728721412927,750.75,79.0,1185.75,75.0,1403.0,799.75,10.375,59.22500038147,0.7455494117085614,7,False,False,False,False,False,True
2004-03-24,08:00:00,3.1,1382.75,245.0,13.765874424449917,1109.0,174.0,831.5,97.0,1706.0,1172.5,10.975000143051,57.299999237061,0.7500896894409064,8,False,False,False,False,False,True
2004-03-24,09:00:00,4.4,1597.25,553.0,23.679335397377134,1395.25,235.0,652.0,110.0,2080.25,1518.5,11.200000047684,56.949999809265,0.7564914394511036,9,False,False,False,False,False,True
2004-03-24,10:00:00,3.4,1317.5,450.0,14.212601545647468,1123.5,218.0,761.75,113.0,1770.25,1286.5,12.100000143051,54.925000190735,0.7733693595230158,10,False,False,False,False,False,True
2004-03-24,11:00:00,1.7,1137.75,118.0,7.959186808148644,897.5,136.0,950.0,88.0,1505.25,965.5,15.074999570847,44.25,0.7534549507396582,11,False,False,False,False,False,True
2004-03-24,12:00:00,1.5,1097.5,118.0,6.663517615555966,842.0,117.0,1012.25,85.0,1440.0,827.75,15.599999904633,40.599999427795,0.7145901811957243,12,False,False,False,False,False,True
2004-03-24,13:00:00,1.7,1117.5,144.0,8.687448039881527,927.0,119.0,958.75,96.0,1477.0,824.5,16.874999523163,34.599999427795,0.6596749224621096,13,False,False,False,False,False,True
2004-03-24,14:00:00,2.2,1170.25,159.0,10.838801261791318,1008.5,126.0,879.0,106.0,1566.0,872.0,16.649999856949,35.625,0.6697356415533213,14,False,False,False,False,False,True
2004-03-24,16:00:00,2.7,1389.5,230.0,11.369254997979782,1027.5,197.0,828.75,126.0,1729.5,1002.25,9.625,81.099998474121,0.9719787235472275,16,False,False,False,False,False,True
2004-03-24,17:00:00,2.8,1353.25,320.0,13.362988476365068,1095.75,195.0,773.75,130.0,1783.0,1159.0,11.724999904633,69.10000038147,0.9496639741360771,17,False,False,False,False,False,True
2004-03-24,18:00:00,2.7,1260.25,263.0,12.004126369175433,1049.75,156.0,828.25,111.0,1722.0,978.75,10.675000190735,68.5,0.879355586348885,18,False,False,False,False,False,True
2004-03-24,19:00:00,4.5,1501.25,556.0,20.20092355152243,1302.0,247.0,680.75,134.0,2008.25,1311.25,10.674999952316,67.324998855591,0.8642717215244782,19,False,False,False,False,False,True
2004-03-24,20:00:00,3.5,1272.5,458.0,14.399230713541861,1129.5,190.0,795.25,136.0,1743.5,1071.25,10.775000095367,65.674999237061,0.848602351586309,20,False,False,False,False,False,True
2004-03-24,21:00:00,2.6,1178.5,214.0,9.390665192516412,954.5,169.0,927.75,125.0,1571.25,898.5,10.349999904633,66.324998855591,0.8335645684953101,21,False,False,False,False,False,True
2004-03-24,22:00:00,1.7,1046.75,97.0,5.940075060201868,809.0,118.0,1064.25,108.0,1435.0,766.0,10.050000190735,66.924999237061,0.8247612751599469,22,False,False,False,False,False,True
2004-03-24,23:00:00,1.3,972.5,79.0,4.529402998167067,739.25,81.0,1186.25,87.0,1353.75,589.0,10.425000190735,61.10000038147,0.7716687735626684,23,False,False,False,False,False,True
2004-03-25,00:00:00,1.3,997.0,81.0,4.486627508988761,737.0,80.0,1167.75,89.0,1340.5,630.75,10.325000047684,59.89999961853,0.7515871246815314,0,False,False,False,True,False,False
2004-03-25,01:00:00,1.0,969.5,52.0,2.514599021549308,620.5,42.0,1399.5,58.0,1249.25,478.5,11.049999952316,58.425001144409,0.7685562521123138,1,False,False,False,True,False,False
2004-03-25,02:00:00,0.7,902.0,38.0,1.7821586396135651,567.5,38.0,1450.25,54.0,1253.0,478.5,9.0999999046326,68.14999961853,0.7890407878709773,2,False,False,False,True,False,False
2004-03-25,04:00:00,0.5,858.25,29.0,0.9066972606578043,489.5,18.0,1706.75,28.0,1211.75,377.5,9.3249998092651,72.299999237061,0.8495878268395908,4,False,False,False,True,False,False
2004-03-25,05:00:00,0.5,878.0,21.0,0.6160853557960174,456.75,12.0,1934.5,20.0,1157.75,343.5,9.8999998569489,66.800001144409,0.8151706050190269,5,False,False,False,True,False,False
2004-03-25,06:00:00,0.6,892.5,46.0,1.442220421528291,539.75,43.0,1603.75,51.0,1267.5,412.5,7.5500000715256,83.224998474121,0.8694953342019478,6,False,False,False,True,False,False
2004-03-25,07:00:00,1.1,1038.0,55.0,3.755311504247508,697.0,84.0,1260.25,82.0,1382.75,604.75,8.0750002861023,78.97500038147,0.8544201662683033,7,False,False,False,True,False,False
2004-03-25,08:00:00,2.7,1319.5,271.0,11.57450718922684,1034.75,184.0,902.25,112.0,1720.75,990.75,8.7249999046326,74.624998092651,0.8428838983819366,8,False,False,False,True,False,False
2004-03-25,09:00:00,3.5,1352.75,434.0,17.831404955551463,1234.5,202.0,740.25,119.0,1936.75,1175.25,8.5999999046326,75.125,0.8415465744384171,9,False,False,False,True,False,False
2004-03-25,10:00:00,2.3,1133.25,300.0,8.845219157196645,933.25,133.0,969.0,99.0,1552.25,922.75,9.7000000476837,69.650001525879,0.8388719696253087,10,False,False,False,True,False,False
2004-03-25,11:00:00,1.6,1065.5,116.0,6.827184440761592,849.25,130.0,1039.0,98.0,1468.0,828.5,11.0,64.425000190735,0.8447325849019058,11,False,False,False,True,False,False
2004-03-25,12:00:00,1.3,1026.5,95.0,5.934730067801716,808.75,106.0,1081.0,88.0,1441.5,732.75,13.599999904633,52.950000762939,0.8209322728556079,12,False,False,False,True,False,False
2004-03-25,13:00:00,2.0,1105.5,211.0,8.889611855025933,935.0,132.0,957.5,96.0,1569.5,819.25,14.175000190735,48.375,0.7779993118526018,13,False,False,False,True,False,False
2004-03-25,14:00:00,1.9,1037.75,168.0,8.178484755708308,906.5,106.0,976.0,81.0,1492.25,723.25,14.174999952316,46.25,0.743823620206029,14,False,False,False,True,False,False
2004-03-25,15:00:00,1.9,1084.0,154.0,8.618412576532277,924.25,125.0,986.25,92.0,1501.0,786.0,16.024999856949,41.27499961853,0.7461504837383152,15,False,False,False,True,False,False
2004-03-25,16:00:00,2.2,1104.5,267.0,10.123793161712667,982.25,138.0,939.25,105.0,1545.25,850.0,17.674999713898,35.400000572205,0.7093956696895586,16,False,False,False,True,False,False
2004-03-25,17:00:00,2.0,1101.75,143.0,9.44271643902197,956.5,120.0,968.0,88.0,1526.5,819.5,17.074999809265,37.425000190735,0.7224948100948272,17,False,False,False,True,False,False
2004-03-25,18:00:00,2.9,1239.75,374.0,14.641827890596746,1137.25,158.0,835.75,103.0,1748.25,990.5,14.924999952316,40.525000572205,0.6835131119469691,18,False,False,False,True,False,False
2004-03-25,19:00:00,5.2,1443.25,797.0,24.563483800808026,1418.0,253.0,666.25,141.0,2059.75,1454.25,13.350000143051,47.800000190735,0.7293381777681275,19,False,False,False,True,False,False
2004-03-25,20:00:00,4.6,1389.0,698.0,21.62703708737063,1341.0,231.0,691.5,133.0,1981.5,1487.5,12.599999904633,52.549999237061,0.7641522686708787,20,False,False,False,True,False,False
2004-03-25,21:00:00,2.5,1182.75,234.0,10.312426565086698,989.25,150.0,904.0,119.0,1538.75,1205.0,12.225000143051,53.22500038147,0.7555004761179079,21,False,False,False,True,False,False
2004-03-25,22:00:00,1.5,1014.25,104.0,5.701585274620053,797.75,99.0,1083.0,106.0,1376.25,909.0,10.550000190735,56.075000762939,0.714007352739794,22,False,False,False,True,False,False
2004-03-25,23:00:00,1.2,978.5,67.0,4.467671749279885,736.0,75.0,1153.75,92.0,1323.5,768.5,9.9250001907349,59.52499961853,0.7275838856465283,23,False,False,False,True,False,False
2004-03-26,00:00:00,1.7,1047.5,88.0,5.477599159348292,787.0,93.0,1098.25,97.0,1372.75,834.5,9.625,61.10000038147,0.7322799198136483,0,False,False,False,False,False,False
2004-03-26,01:00:00,1.4,1023.75,79.0,4.799437657555934,753.25,79.0,1131.0,91.0,1357.0,793.0,9.7000000476837,61.64999961853,0.7425191022886072,1,False,False,False,False,False,False
2004-03-26,02:00:00,1.2,973.5,61.0,3.633065021681544,690.0,67.0,1207.5,83.0,1313.25,733.25,9.4000000953674,62.64999961853,0.7398339473297111,2,False,False,False,False,False,False
2004-03-26,04:00:00,0.7,924.5,40.0,2.246785504993861,602.0,45.0,1398.0,59.0,1263.0,562.25,7.9750001430511,69.39999961853,0.7458585473426417,4,False,False,False,False,False,False
2004-03-26,05:00:00,0.8,951.5,52.0,3.0278593859425342,653.75,72.0,1209.75,73.0,1312.25,832.25,7.7250000238419,72.424999237061,0.7655338358715296,5,False,False,False,False,False,False
2004-03-26,06:00:00,0.9,1004.75,64.0,4.045717310202204,713.25,103.0,1130.0,78.0,1363.0,923.5,7.9750002622604,71.75,0.7711145747825517,6,False,False,False,False,False,False
2004-03-26,07:00:00,1.6,1122.0,88.0,6.652292699030296,841.5,132.0,1014.75,90.0,1438.0,974.25,8.5000001192093,66.27499961853,0.7375123781122757,7,False,False,False,False,False,False
2004-03-26,08:00:00,3.4,1350.75,375.0,16.702495983514385,1201.0,239.0,783.25,110.0,1828.0,1306.75,9.7750000953674,59.60000038147,0.7213704052298594,8,False,False,False,False,False,False
2004-03-26,09:00:00,3.8,1407.75,592.0,19.344005847031532,1278.0,275.0,681.75,114.0,1927.5,1480.75,11.150000095367,56.97500038147,0.7543693006457773,9,False,False,False,False,False,False
2004-03-26,10:00:00,3.1,1303.75,357.0,14.775598053926105,1141.5,232.0,771.75,119.0,1747.25,1404.75,14.849999904633,44.125,0.7407076402903807,10,False,False,False,False,False,False
2004-03-26,11:00:00,2.7,1206.75,296.0,13.431043277829003,1098.0,180.0,826.0,121.0,1663.5,1194.75,16.849999904633,35.349999427795,0.6729230427307409,11,False,False,False,False,False,False
2004-03-26,12:00:00,2.0,1099.25,181.0,10.977346204363998,1013.5,112.0,947.75,97.0,1503.25,867.75,19.224999904633,27.099999904633,0.5976243895607846,12,False,False,False,False,False,False
2004-03-26,13:00:00,2.3,1105.6666666667,211.0,12.535803547771689,1068.0,116.0,914.66666666667,99.0,1535.3333333333,874.0,19.099999745687,26.233332951864,0.5740849012491405,13,False,False,False,False,False,False
2004-03-26,14:00:00,1.9,1009.25,199.0,8.4189190812524,916.25,103.0,1015.0,85.0,1390.5,738.0,16.349999904633,30.799999713898,0.5682559747419185,14,False,False,False,False,False,False
2004-03-26,15:00:00,1.3,961.75,81.0,5.25237752206223,776.0,89.0,1151.5,75.0,1279.0,549.75,14.174999952316,36.825000286102,0.592244433013977,15,False,False,False,False,False,False
2004-03-26,16:00:00,1.9,1093.25,143.0,8.826222726457212,932.5,112.0,975.5,87.0,1454.25,776.75,13.449999809265,40.974999427795,0.6292128397022791,16,False,False,False,False,False,False
2004-03-26,17:00:00,2.3,1179.75,247.0,11.228614928035205,1022.5,127.0,886.25,102.0,1588.25,966.25,14.224999904633,43.274998664856,0.6981943882559115,17,False,False,False,False,False,False
2004-03-26,18:00:00,2.4,1168.0,239.0,11.638524261032968,1037.0,125.0,868.25,105.0,1579.5,989.75,12.075000047684,45.550000190735,0.6403309171830182,18,False,False,False,False,False,False
2004-03-26,19:00:00,2.7,1167.5,267.0,12.389162076428056,1063.0,120.0,875.5,98.0,1540.25,943.5,10.375,48.02499961853,0.6045590541541206,19,False,False,False,False,False,False
2004-03-26,20:00:00,2.6,1139.5,261.0,10.591313617363797,999.5,120.0,916.0,93.0,1490.0,962.0,10.0,51.125,0.627987635123302,20,False,False,False,False,False,False
2004-03-26,21:00:00,1.5,1000.75,97.0,5.982908820688995,811.0,99.0,1097.25,91.0,1308.25,777.75,9.8250000476837,50.824999809265,0.617182802411024,21,False,False,False,False,False,False
2004-03-26,22:00:00,1.2,953.0,66.0,4.601079630929639,743.0,79.0,1185.25,85.0,1252.0,689.5,9.6749999523163,50.425000190735,0.6063281126407005,22,False,False,False,False,False,False
2004-03-26,23:00:00,1.1,971.5,60.0,4.068437354625373,714.5,66.0,1236.5,74.0,1257.5,643.5,9.8500001430511,50.175000190735,0.6102893815255749,23,False,False,False,False,False,False
2004-03-27,00:00:00,1.5,1021.0,77.0,5.247305750259137,775.75,94.0,1143.75,87.0,1306.5,753.0,9.400000333786,53.35000038147,0.6300102511032551,0,False,True,False,False,False,False
2004-03-27,01:00:00,1.0,940.0,57.0,3.1860104697339593,663.5,70.0,1289.5,79.0,1232.0,646.0,8.625,57.824999809265,0.6488249169079522,1,False,True,False,False,False,False
2004-03-27,02:00:00,1.2,1045.5,65.0,4.462938156393024,735.75,75.0,1142.25,78.0,1312.0,838.25,8.125,62.14999961853,0.6746284144009465,2,False,True,False,False,False,False
2004-03-27,05:00:00,0.8,915.25,27.0,1.9220071328834474,578.25,32.0,1417.0,48.0,1212.0,665.0,8.2499998807907,58.875000953674,0.6444011605636348,5,False,True,False,False,False,False
2004-03-27,06:00:00,0.9,934.75,25.0,2.4372931460201444,615.25,54.0,1373.0,59.0,1249.75,717.0,6.3250000476837,66.599999427795,0.6410221565623528,6,False,True,False,False,False,False
2004-03-27,07:00:00,1.1,976.25,42.0,3.268441768671755,668.5,68.0,1270.25,65.0,1266.25,794.5,7.1500000953674,62.875,0.6395822960862745,7,False,True,False,False,False,False
2004-03-27,08:00:00,1.5,1123.75,78.0,6.663517615555966,842.0,98.0,1049.75,71.0,1418.0,935.5,7.1500000953674,63.89999961853,0.6500088823209779,8,False,True,False,False,False,False
2004-03-27,09:00:00,1.8,1162.5,128.0,8.474825256908856,918.5,128.0,921.5,84.0,1530.25,1075.5,11.074999809265,50.499999046326,0.6653867773666517,9,False,True,False,False,False,False
2004-03-27,10:00:00,2.1,1166.5,184.0,9.698220270852254,966.25,129.0,941.5,93.0,1519.75,1016.0,15.475000143051,36.14999961853,0.6312750080205722,10,False,True,False,False,False,False
2004-03-27,11:00:00,2.1,1120.75,156.0,9.410170035043505,955.25,130.0,991.75,99.0,1450.75,833.75,17.849999904633,29.224999904633,0.5920464600312022,11,False,True,False,False,False,False
2004-03-27,12:00:00,1.9,1071.25,176.0,9.010583552600266,939.75,111.0,993.75,93.0,1449.25,756.25,17.624999761581,30.099999904633,0.6013167306092636,12,False,True,False,False,False,False
2004-03-27,13:00:00,2.1,1064.75,232.0,10.030033705078656,978.75,106.0,949.5,96.0,1467.25,766.0,19.074999809265,26.825000286102,0.586131112165905,13,False,True,False,False,False,False
2004-03-27,14:00:00,2.5,1157.25,305.0,12.638889972455347,1071.5,137.0,888.25,114.0,1595.5,904.75,17.699999809265,28.574999809265,0.5735160349840353,14,False,True,False,False,False,False
2004-03-27,15:00:00,1.9,1046.25,150.0,7.599353631659464,882.5,113.0,1051.25,101.0,1357.0,765.0,17.775000095367,28.449999809265,0.5736712627057369,15,False,True,False,False,False,False
2004-03-27,16:00:00,2.2,1147.0,188.0,11.781322973571852,1042.0,122.0,933.5,108.0,1538.25,830.25,18.724999904633,25.974999904633,0.5554589378581296,16,False,True,False,False,False,False
2004-03-27,17:00:00,2.3,1118.75,221.0,11.221602522216635,1022.25,137.0,916.25,117.0,1507.75,853.25,17.075000286102,31.275000095367,0.6037682247484637,17,False,True,False,False,False,False
2004-03-27,18:00:00,2.7,1209.5,219.0,12.352616700065974,1061.75,165.0,885.5,125.0,1586.25,980.5,15.824999809265,36.074998855591,0.6440019510963166,18,False,True,False,False,False,False
2004-03-27,19:00:00,3.0,1305.75,306.0,12.868432241320129,1079.25,196.0,826.75,133.0,1621.0,1285.75,14.674999952316,40.099999427795,0.6657200374161357,19,False,True,False,False,False,False
2004-03-27,20:00:00,2.8,1257.5,270.0,12.206895761540563,1056.75,174.0,840.5,119.0,1632.75,1243.5,13.649999856949,44.949999809265,0.699129554929824,20,False,True,False,False,False,False
2004-03-27,21:00:00,2.2,1148.25,231.0,8.76933794439815,930.25,140.0,947.5,107.0,1475.25,1056.25,12.5,48.075000762939,0.694596122292269,21,False,True,False,False,False,False
2004-03-27,22:00:00,1.6,1107.75,125.0,6.787523688906004,847.5,102.0,1022.75,96.0,1420.75,1003.0,11.849999904633,50.824999809265,0.704175163007097,22,False,True,False,False,False,False
2004-03-27,23:00:00,2.1,1230.75,122.0,8.6058859089994,923.75,130.0,906.0,105.0,1483.25,1244.5,10.924999952316,56.14999961853,0.7326481760306406,23,False,True,False,False,False,False
2004-03-28,00:00:00,2.3,1292.5,161.0,8.934099266185445,936.75,121.0,929.75,102.0,1463.75,1200.25,10.875,55.949999809265,0.7276666130776173,0,False,False,True,False,False,False
2004-03-28,01:00:00,2.3,1274.25,101.0,8.313749266595785,912.0,111.0,939.25,97.0,1451.0,1188.0,10.300000190735,58.10000038147,0.727811710387278,1,False,False,True,False,False,False
2004-03-28,02:00:00,1.7,1135.25,95.0,6.335782437222818,827.25,87.0,1012.75,79.0,1394.5,1070.0,9.3000001907349,62.175000190735,0.7294090479235076,2,False,False,True,False,False,False
2004-03-28,04:00:00,1.3,1009.5,96.0,5.116173813476844,769.25,77.0,1109.75,69.0,1396.0,895.25,8.3000000715256,64.875001907349,0.7124307169300036,4,False,False,True,False,False,False
2004-03-28,05:00:00,0.8,869.75,54.0,2.5966872968302512,626.0,39.0,1325.0,52.0,1283.75,755.25,9.6000001430511,58.5,0.6999687486603463,5,False,False,True,False,False,False
2004-03-28,06:00:00,1.1,983.0,63.0,3.602773223770146,688.25,77.0,1250.75,62.0,1342.0,805.5,7.6750000715256,66.35000038147,0.6989901525427645,6,False,False,True,False,False,False
2004-03-28,07:00:00,1.4,995.25,72.0,3.64173967489039,690.5,91.0,1219.0,69.0,1321.25,836.25,7.4250000715256,67.97500038147,0.7042758342585153,7,False,False,True,False,False,False
2004-03-28,08:00:00,1.3,1024.25,91.0,4.682892421913301,747.25,105.0,1136.0,75.0,1382.0,897.25,9.6500000953674,58.599998474121,0.7034715294078068,8,False,False,True,False,False,False
2004-03-28,09:00:00,1.9,1163.0,127.0,7.534155226996669,879.75,133.0,958.5,83.0,1486.25,1073.0,12.5,50.125,0.724214874204227,9,False,False,True,False,False,False
2004-03-28,10:00:00,2.3,1217.75,193.0,8.965933937610119,938.0,128.0,917.75,94.0,1500.5,1088.0,16.825000286102,36.924999237061,0.7018082557636076,10,False,False,True,False,False,False
2004-03-28,11:00:00,2.3,1210.0,188.0,9.468788047958288,957.5,126.0,932.5,96.0,1514.25,1036.0,19.175000190735,31.325000286102,0.6886775268735442,11,False,False,True,False,False,False
2004-03-28,12:00:00,1.8,1113.5,151.0,7.694614864499808,886.5,92.0,1020.25,86.0,1438.0,768.25,21.300000190735,26.400000095367,0.6607430779429146,12,False,False,True,False,False,False
2004-03-28,13:00:00,1.4,994.5,103.0,5.664861806391042,796.0,66.0,1159.25,72.0,1287.0,587.25,21.224999904633,23.14999961853,0.5767748630455667,13,False,False,True,False,False,False
2004-03-28,14:00:00,1.0,926.5,55.0,3.803808114179806,699.75,50.0,1285.0,53.0,1189.25,452.0,18.625,25.025000095367,0.5318540525193962,14,False,False,True,False,False,False
2004-03-28,15:00:00,1.4,1001.5,104.0,4.804320198215755,753.5,70.0,1188.5,65.0,1259.75,469.75,18.049999713898,27.275000095367,0.5594339224287499,15,False,False,True,False,False,False
2004-03-28,16:00:00,1.3,986.75,116.0,4.303271193472167,727.25,73.0,1212.75,70.0,1244.0,501.75,18.199999809265,28.25,0.584836833830443,16,False,False,True,False,False,False
2004-03-28,17:00:00,1.3,993.0,93.0,4.050256979222614,713.5,77.0,1216.5,75.0,1237.75,515.5,17.049999713898,31.375,0.6047552989864466,17,False,False,True,False,False,False
2004-03-28,18:00:00,1.4,1011.5,93.0,4.653947132964057,745.75,86.0,1174.25,86.0,1300.5,554.5,15.625,35.0,0.6169967172353186,18,False,False,True,False,False,False
2004-03-28,19:00:00,1.9,1113.75,155.0,6.237201055298119,822.75,93.0,1067.5,94.0,1357.25,670.75,14.100000143051,40.22500038147,0.6438456899717052,19,False,False,True,False,False,False
2004-03-28,20:00:00,1.8,1093.25,115.0,5.508623133368252,788.5,105.0,1101.75,103.0,1329.0,787.5,13.425000190735,43.199998855591,0.6623204318935353,20,False,False,True,False,False,False
2004-03-28,21:00:00,1.1,968.25,75.0,3.2808838245676193,669.25,67.0,1261.0,81.0,1245.5,538.25,12.325000047684,46.799999237061,0.6685970296466238,21,False,False,True,False,False,False
2004-03-28,22:00:00,1.1,959.75,65.0,3.218875255436456,665.5,63.0,1266.0,80.0,1223.75,544.0,11.875,46.47500038147,0.6449478999799921,22,False,False,True,False,False,False
2004-03-28,23:00:00,1.1,942.0,57.0,2.9322466012758994,647.75,63.0,1299.75,77.0,1204.0,499.5,11.5,46.64999961853,0.631851844976167,23,False,False,True,False,False,False
2004-03-29,00:00:00,0.9,887.75,40.0,2.183593389348636,597.5,46.0,1396.25,58.0,1155.75,417.25,10.625000238419,47.950000762939,0.6135454303931761,0,True,False,False,False,False,False
2004-03-29,01:00:00,0.6,817.75,27.0,1.2575500759428946,523.5,21.0,1587.5,31.0,1071.0,341.25,10.724999904633,45.775000572205,0.5895459442308844,1,True,False,False,False,False,False
2004-03-29,02:00:00,0.5,840.25,23.0,1.1019592524649573,509.0,22.0,1643.0,38.0,1075.75,352.0,10.449999809265,46.64999961853,0.5901335881053779,2,True,False,False,False,False,False
2004-03-29,04:00:00,0.6,863.66666666667,21.0,1.179554362055887,516.33333333333,39.0,1496.3333333333,59.0,1153.0,502.33333333333,11.333333333333,46.86666615804,0.6279623208551685,4,True,False,False,False,False,False
2004-03-29,05:00:00,0.7,898.0,33.0,1.6779019605578074,559.25,55.0,1441.25,70.0,1179.75,648.25,10.125,51.199999809265,0.6340770912900695,5,True,False,False,False,False,False
2004-03-29,06:00:00,0.9,945.5,40.0,2.8535704981423655,642.75,76.0,1309.0,75.0,1231.75,759.5,9.8500001430511,50.700000762939,0.6166750770570743,6,True,False,False,False,False,False
2004-03-29,07:00:00,2.9,1309.25,279.0,14.266927815926682,1125.25,181.0,844.25,103.0,1686.5,1183.0,8.1000000238419,56.75,0.6149907769284461,7,True,False,False,False,False,False
2004-03-29,08:00:00,4.1,1326.25,743.0,19.743714277046415,1289.25,259.0,713.5,134.0,1805.5,1431.25,10.925000190735,44.050000190735,0.5747667500245283,8,True,False,False,False,False,False
2004-03-29,09:00:00,1.5,966.25,147.0,5.4518029314463465,785.75,118.0,1111.25,98.0,1257.75,705.25,11.775000095367,37.599999427795,0.5184235105053019,9,True,False,False,False,False,False
2004-03-29,10:00:00,1.5,975.0,97.0,5.596929682822607,792.75,119.0,1133.25,97.0,1254.0,637.25,13.850000143051,33.150000572205,0.522219546954398,10,True,False,False,False,False,False
2004-03-29,11:00:00,1.5,988.25,118.0,5.807066327844245,802.75,123.0,1105.0,98.0,1292.5,658.25,15.575000286102,30.075000286102,0.528509453270279,11,True,False,False,False,False,False
2004-03-29,12:00:00,1.4,971.0,91.0,5.4569580235554955,786.0,92.0,1129.25,78.0,1271.5,546.0,16.500000238419,29.02499961853,0.5405616898275734,12,True,False,False,False,False,False
2004-03-29,13:00:00,1.6,1009.75,146.0,6.457164646441118,832.75,91.0,1070.0,83.0,1332.25,561.0,17.474999904633,27.875,0.5517006195546249,13,True,False,False,False,False,False
2004-03-29,14:00:00,1.5,983.5,139.0,5.544912138895297,790.25,103.0,1131.0,92.0,1267.5,531.75,17.900000095367,26.800000667572,0.544606056773643,14,True,False,False,False,False,False
2004-03-29,15:00:00,1.4,961.5,155.0,5.247305750259137,775.75,102.0,1131.25,81.0,1247.0,535.25,18.150000095367,26.099999904633,0.5386580627191933,15,True,False,False,False,False,False
2004-03-29,16:00:00,1.5,1012.0,128.0,5.770054202900989,801.0,94.0,1098.25,90.0,1288.75,525.0,17.974999427795,27.050000190735,0.5522473354811813,16,True,False,False,False,False,False
2004-03-29,17:00:00,1.9,1058.0,166.0,7.910799352772567,895.5,98.0,995.75,95.0,1357.5,603.25,16.999999523163,28.925000190735,0.5557954959945705,17,True,False,False,False,False,False
2004-03-29,18:00:00,2.5,1173.0,299.0,10.204454244911034,985.25,126.0,904.5,114.0,1476.75,802.25,16.10000038147,31.275000572205,0.5680436033297681,18,True,False,False,False,False,False
2004-03-29,19:00:00,2.1,1126.5,163.0,8.196874198144533,907.25,108.0,956.5,106.0,1403.5,796.25,14.549999952316,35.449999809265,0.5838761514450106,19,True,False,False,False,False,False
2004-03-29,20:00:00,1.6,1019.5,154.0,5.691082532681572,797.25,95.0,1065.75,99.0,1302.0,688.75,13.225000143051,37.875,0.5732960987674435,20,True,False,False,False,False,False
2004-03-29,21:00:00,1.2,948.75,80.0,3.7993883716478276,699.5,78.0,1220.5,90.0,1177.5,553.0,13.125,34.374999523163,0.5169958921407884,21,True,False,False,False,False,False
2004-03-29,22:00:00,1.1,929.5,58.0,3.977882954308811,709.5,61.0,1278.0,82.0,1136.5,509.25,13.549999952316,28.499999523163,0.4404525393661916,22,True,False,False,False,False,False
2004-03-29,23:00:00,1.0,899.75,55.0,2.8496606572459786,642.5,55.0,1338.75,74.0,1089.25,455.0,12.424999952316,31.875000476837,0.4583174182501161,23,True,False,False,False,False,False
2004-03-30,00:00:00,1.0,898.75,33.0,2.6495095616042814,629.5,57.0,1417.5,76.0,1050.25,425.0,13.125,26.75,0.4023168089194366,0,False,False,False,False,True,False
2004-03-30,01:00:00,0.7,866.25,33.0,1.804617397022203,569.25,41.0,1467.5,66.0,1055.25,435.5,11.649999856949,33.599999904633,0.4595395192830382,1,False,False,False,False,True,False
2004-03-30,02:00:00,0.7,899.75,32.0,1.7249591914596851,563.0,46.0,1402.0,73.0,1129.5,618.0,10.5,42.875,0.5441522453763333,2,False,False,False,False,True,False
2004-03-30,05:00:00,0.7,956.0,26.0,2.2857806756960337,604.75,52.0,1341.25,71.0,1116.75,691.0,12.924999952316,33.924999237061,0.5037261536559368,5,False,False,False,False,True,False
2004-03-30,06:00:00,1.1,1054.0,86.0,5.313401621471466,779.0,111.0,1079.5,98.0,1265.75,1012.75,11.274999856949,40.27499961853,0.537601948523615,6,False,False,False,False,True,False
2004-03-30,07:00:00,2.6,1343.25,294.0,13.378099027683405,1096.25,191.0,838.5,115.0,1586.5,1310.75,11.900000095367,38.425000190735,0.5340979361580392,7,False,False,False,False,True,False
2004-03-30,08:00:00,4.0,1583.5,664.0,23.81445830704887,1398.75,244.0,642.25,130.0,1946.75,1675.0,13.324999809265,35.550001144409,0.541559228531225,8,False,False,False,False,True,False
2004-03-30,09:00:00,4.2,1555.75,695.0,21.488111149528635,1337.25,283.0,673.5,150.0,1852.25,1688.5,16.325000286102,28.799999713898,0.5305244760933587,9,False,False,False,False,True,False
2004-03-30,10:00:00,4.7,1564.75,735.0,20.981985953180125,1323.5,320.0,694.5,159.0,1872.0,1687.75,17.900000095367,28.249999523163,0.5740716589900348,10,False,False,False,False,True,False
2004-03-30,11:00:00,3.9,1428.5,649.0,18.381657068639182,1250.5,249.0,734.25,146.0,1754.25,1548.25,18.25,26.625,0.552903118043697,11,False,False,False,False,True,False
2004-03-30,12:00:00,3.7,1418.5,586.0,18.94778792993442,1266.75,219.0,742.25,138.0,1763.0,1490.25,20.800000190735,22.5,0.5463066881985376,12,False,False,False,False,True,False
2004-03-30,13:00:00,3.4,1373.25,546.0,17.10326171179337,1213.0,200.0,791.0,128.0,1710.5,1353.75,22.449999809265,19.950000286102,0.5351852806629579,13,False,False,False,False,True,False
2004-03-30,14:00:00,2.2,1185.25,245.0,10.373373792087863,991.5,138.0,941.75,97.0,1447.75,1013.5,20.900000095367,21.674999713898,0.5294825140210498,14,False,False,False,False,True,False
2004-03-30,15:00:00,1.9,1122.25,178.0,7.953131497568524,897.25,118.0,991.0,91.0,1371.75,831.25,19.075000286102,26.5,0.5790298140613147,15,False,False,False,False,True,False
2004-03-30,16:00:00,1.6,1084.5,130.0,6.166413663112407,819.5,99.0,1059.75,81.0,1325.0,698.75,18.124999523163,30.550000190735,0.6295234045510375,16,False,False,False,False,True,False
2004-03-30,17:00:00,2.1,1248.5,151.0,9.731187323395478,967.5,112.0,874.0,99.0,1526.5,925.5,17.275000095367,34.72500038147,0.6787764243010617,17,False,False,False,False,True,False
2004-03-30,18:00:00,2.2,1236.25,272.0,9.593046413094703,962.25,117.0,853.25,101.0,1531.5,928.0,15.849999666214,40.425000190735,0.7227924514151022,18,False,False,False,False,True,False
2004-03-30,19:00:00,2.7,1334.0,301.0,11.924863429687202,1047.0,129.0,814.75,106.0,1638.0,1038.0,15.924999952316,41.97500038147,0.754052803017719,19,False,False,False,False,True,False
2004-03-30,20:00:00,2.4,1263.5,237.0,8.706316634357416,927.75,132.0,884.25,102.0,1534.0,1034.5,15.875,43.5,0.7789963988414559,20,False,False,False,False,True,False
2004-03-30,21:00:00,1.3,1072.75,95.0,4.653947132964057,745.75,73.0,1071.5,84.0,1359.75,788.75,15.025000095367,46.14999961853,0.7833264781348421,21,False,False,False,False,True,False
2004-03-30,22:00:00,1.2,1052.5,68.0,3.830372555883701,701.25,68.0,1147.0,81.0,1323.25,692.25,15.050000190735,44.550000190735,0.7573651897974522,22,False,False,False,False,True,False
2004-03-30,23:00:00,1.5,1097.75,101.0,4.678062894272762,747.0,80.0,1094.0,91.0,1360.0,763.75,14.850000143051,43.500000953674,0.7302160576861134,23,False,False,False,False,True,False
2004-03-31,00:00:00,1.3,1028.75,81.0,3.8481259529430054,702.25,68.0,1180.0,82.0,1286.5,639.25,14.775000095367,41.0,0.6849883418385199,0,False,False,False,False,False,True
2004-03-31,01:00:00,1.0,972.5,50.0,2.676090587829464,631.25,44.0,1287.25,64.0,1239.75,540.75,14.750000238419,40.849999427795,0.6814022247302514,1,False,False,False,False,False,True
2004-03-31,02:00:00,0.9,972.0,66.0,2.787414370831833,638.5,47.0,1222.0,70.0,1256.25,677.75,14.825000047684,40.77499961853,0.6833899677975457,2,False,False,False,False,False,True
2004-03-31,04:00:00,0.5,850.5,18.0,0.7901587664876446,477.0,15.0,1699.0,26.0,1064.25,343.0,14.525000095367,36.050000190735,0.592817291859612,4,False,False,False,False,False,True
2004-03-31,05:00:00,0.6,909.0,31.0,1.504175249891816,545.0,44.0,1472.75,58.0,1130.5,436.0,14.575000286102,36.049999237061,0.5947008519437857,5,False,False,False,False,False,True
2004-03-31,06:00:00,1.0,1037.5,57.0,3.5210984059647115,683.5,85.0,1219.75,93.0,1279.0,687.5,14.424999952316,38.5,0.6290996907149704,6,False,False,False,False,False,True
2004-03-31,07:00:00,3.1,1635.5,342.0,15.621359219570662,1168.0,207.0,720.5,110.0,1926.25,1437.75,13.775000095367,58.224999427795,0.9128551665206911,7,False,False,False,False,False,True
2004-03-31,08:00:00,4.1,1580.25,644.0,19.9493542369401,1295.0,230.0,639.25,115.0,1956.5,1488.75,13.224999904633,61.14999961853,0.9255988299860037,8,False,False,False,False,False,True
2004-03-31,09:00:00,2.2,1261.75,216.0,8.599625488406302,923.5,181.0,872.25,125.0,1575.5,1092.75,10.400000095367,74.424999237061,0.9384247168190674,9,False,False,False,False,False,True
2004-03-31,10:00:00,1.7,1196.5,117.0,6.540487668220774,836.5,144.0,956.75,118.0,1498.0,964.5,11.450000047684,70.97500038147,0.9582114790077059,10,False,False,False,False,False,True
2004-03-31,11:00:00,1.9,1276.75,156.0,7.682679548673003,886.0,140.0,901.5,109.0,1578.5,1003.75,12.200000047684,70.02499961853,0.9923662650839767,11,False,False,False,False,False,True
2004-03-31,12:00:00,2.9,1429.5,332.0,11.30587461136357,1025.25,204.0,779.0,123.0,1771.5,1165.75,12.275000095367,73.324998855591,1.0441698361334117,12,False,False,False,False,False,True
2004-03-31,13:00:00,2.2,1242.25,232.0,9.125830725364114,944.25,149.0,846.0,114.0,1638.25,990.75,11.25,78.124998092651,1.0411431251352763,13,False,False,False,False,False,True
2004-03-31,14:00:00,2.6,1348.5,295.0,11.235629201385404,1022.75,171.0,804.0,114.0,1748.0,1053.5,13.625,69.200000762939,1.074585128800994,14,False,False,False,False,False,True
2004-03-31,15:00:00,3.1,1389.75,386.0,13.484076653735869,1099.75,195.0,755.0,119.0,1798.75,1191.5,14.875000238419,59.324999809265,0.9974410039602601,15,False,False,False,False,False,True
2004-03-31,16:00:00,2.3,1223.5,278.0,10.050093703546924,979.5,152.0,850.25,111.0,1637.0,1054.5,15.675000190735,50.875,0.8996766723707865,16,False,False,False,False,False,True
2004-03-31,17:00:00,2.4,1252.5,263.0,11.319946086587374,1025.75,128.0,809.5,103.0,1681.0,1047.5,15.200000047684,52.949999809265,0.9087412043656885,17,False,False,False,False,False,True
2004-03-31,18:00:00,2.8,1312.0,322.0,11.752703849058946,1041.0,121.0,820.5,103.0,1711.5,1072.5,15.5,50.77499961853,0.8880646969354563,18,False,False,False,False,False,True
2004-03-31,19:00:00,2.7,1254.3333333333,226.0,11.524820242423965,1033.0,142.0,818.66666666667,107.0,1669.0,1068.3333333333,14.300000190735,52.93333307902,0.8581026323307125,19,False,False,False,False,False,True
2004-03-31,20:00:00,2.3,1198.0,221.0,9.345221010408595,952.75,131.0,881.5,105.0,1588.25,1018.5,13.174999713898,55.974999427795,0.8445584259611326,20,False,False,False,False,False,True
2004-03-31,21:00:00,1.5,1060.25,109.0,5.467274438558492,786.5,81.0,1044.0,91.0,1418.0,833.0,12.649999856949,57.0,0.8315308836353055,21,False,False,False,False,False,True
2004-03-31,22:00:00,1.4,1050.0,105.0,5.101134317941586,768.5,60.0,1078.25,79.0,1408.75,758.5,12.275000095367,57.750000953674,0.8223772243251011,22,False,False,False,False,False,True
2004-03-31,23:00:00,1.2,1029.25,84.0,4.804320198215755,753.5,57.0,1097.5,79.0,1395.25,749.0,11.974999904633,58.449999809265,0.8163871397638851,23,False,False,False,False,False,True
2004-04-01,00:00:00,1.6,1143.0,106.0,6.29188712636252,825.25,96.0,985.5,86.0,1477.25,978.25,11.950000047684,61.624999046326,0.8593442034755616,0,False,False,False,True,False,False
2004-04-01,01:00:00,1.2,1043.75,100.0,5.121191172765745,769.5,85.0,1031.25,70.0,1424.75,944.25,11.499999761581,63.875,0.865156190872878,1,False,False,False,True,False,False
2004-04-01,02:00:00,1.1,1034.0,71.0,4.086652431771937,715.5,50.0,1085.0,55.0,1405.0,891.25,10.674999952316,67.224998474121,0.8629879858643917,2,False,False,False,True,False,False
2004-04-01,04:00:00,0.7,909.25,44.0,2.433637604423108,615.0,57.0,1237.0,49.0,1321.5,789.5,10.225000143051,66.574999809265,0.8298975601272053,4,False,False,False,True,False,False
2004-04-01,05:00:00,0.9,996.0,45.0,2.9401643453635233,648.25,64.0,1175.5,50.0,1339.75,852.0,10.950000047684,63.699998855591,0.8325141696783469,5,False,False,False,True,False,False
2004-04-01,06:00:00,1.7,1153.5,134.0,7.445634592498937,876.0,153.0,1001.5,67.0,1560.5,987.25,9.625,68.775001525879,0.8242643582344042,6,False,False,False,True,False,False
2004-04-01,07:00:00,4.2,1510.25,505.0,19.788341330849207,1290.5,342.0,675.25,94.0,1949.0,1434.5,9.5,69.60000038147,0.8273289711599782,7,False,False,False,True,False,False
2004-04-01,08:00:00,6.2,1721.5,1042.0,31.918570747839304,1595.25,378.0,538.75,119.0,2438.5,1797.75,11.875,60.925001144409,0.8454750128422129,8,False,False,False,True,False,False
2004-04-01,09:00:00,4.6,1511.5,737.0,20.97283131106031,1323.25,304.0,631.0,139.0,2001.0,1676.5,16.225000143051,48.575000762939,0.8892074859917042,9,False,False,False,True,False,False
2004-04-01,10:00:00,2.8,1258.25,375.0,11.716971682644164,1039.75,192.0,799.5,113.0,1700.75,1281.75,19.150000095367,39.599999427795,0.8692660766529969,10,False,False,False,True,False,False
2004-04-01,11:00:00,1.6,1093.75,124.0,6.832858302767715,849.5,130.0,970.25,88.0,1488.75,871.25,19.724999904633,38.449998855591,0.874323849183893,11,False,False,False,True,False,False
2004-04-01,12:00:00,1.7,1128.75,137.0,7.427984010652609,875.25,106.0,974.0,73.0,1523.75,759.25,20.60000038147,36.674999237061,0.8797143487757445,12,False,False,False,True,False,False
2004-04-01,13:00:00,1.7,1124.5,179.0,8.599625488406302,923.5,102.0,936.5,73.0,1541.5,789.5,21.849999427795,33.900001525879,0.8771400609158182,13,False,False,False,True,False,False
2004-04-01,17:00:00,3.3,1308.0,388.0,16.426573279185213,1192.6666666667,163.0,793.33333333333,106.0,1193.0,1187.3333333333,23.599999745687,27.533332824707,0.7912595105626807,17,False,False,False,True,False,False
2004-04-01,18:00:00,4.2,1528.5,589.0,21.248211015776175,1330.75,211.0,700.25,132.0,2028.25,1398.75,22.849999904633,32.074999809265,0.8813611484449144,18,False,False,False,True,False,False
2004-04-01,19:00:00,5.5,1592.25,840.0,25.00579678945213,1429.25,267.0,623.75,164.0,2089.0,1644.0,20.750000476837,36.674999237061,0.8877776025766839,19,False,False,False,True,False,False
2004-04-01,20:00:00,4.9,1535.75,655.0,20.20993301920428,1302.25,269.0,666.0,161.0,1921.75,1598.75,18.25,40.900000572205,0.8493422664548784,20,False,False,False,True,False,False
2004-04-01,21:00:00,2.5,1192.25,254.0,10.79738414281125,1007.0,154.0,827.0,124.0,1604.0,1223.25,16.775000095367,44.02499961853,0.834143825684035,21,False,False,False,True,False,False
2004-04-01,22:00:00,2.0,1186.0,188.0,9.943304590471374,975.5,127.0,844.0,113.0,1570.25,1200.0,15.825000047684,48.0,0.8568841329653735,22,False,False,False,True,False,False
2004-04-01,23:00:00,2.0,1202.75,120.0,8.518416854434964,920.25,122.0,897.75,103.0,1528.5,1117.75,14.899999856949,52.000000953674,0.8756691527781013,23,False,False,False,True,False,False
2004-04-02,00:00:00,2.0,1139.0,157.0,7.98342769496114,898.5,126.0,921.25,104.0,1514.25,1066.5,14.075000047684,54.449999809265,0.870146830575278,0,False,False,False,False,False,False
2004-04-02,01:00:00,1.3,1072.25,88.0,5.633465103186379,794.5,84.0,985.5,93.0,1441.75,1048.0,13.25,58.849999427795,0.8922118510101595,1,False,False,False,False,False,False
2004-04-02,02:00:00,1.0,954.25,68.0,3.2436181473100727,667.0,58.0,1179.5,60.0,1350.25,717.5,13.25,60.875000953674,0.9229124521532339,2,False,False,False,False,False,False
2004-04-02,05:00:00,0.7,968.0,51.0,2.630592414772159,628.25,56.0,1196.5,66.0,1371.5,736.75,11.275000095367,72.949998855591,0.9737569834389203,5,False,False,False,False,False,False
2004-04-02,06:00:00,1.1,1066.5,93.0,4.298612683193852,727.0,91.0,1054.75,82.0,1447.5,903.25,11.424999952316,71.75,0.9671055114540951,6,False,False,False,False,False,False
2004-04-02,07:00:00,2.6,1385.75,284.0,12.987594194106657,1083.25,159.0,797.5,109.0,1832.5,1159.0,11.924999952316,73.650001525879,1.0253719725163488,7,False,False,False,False,False,False
2004-04-02,08:00:00,3.9,1473.5,486.0,20.345280485597808,1306.0,190.0,633.5,114.0,2059.75,1365.25,12.625,70.175001144409,1.0220869736325955,8,False,False,False,False,False,False
2004-04-02,09:00:00,5.0,1569.0,798.0,20.717193269684454,1316.25,249.0,634.0,139.0,2054.0,1509.5,13.625,65.274997711182,1.01363498626609,9,False,False,False,False,False,False
2004-04-02,10:00:00,3.3,1374.5,524.0,15.896882599847913,1176.5,196.0,705.75,127.0,1897.75,1385.75,16.949999809265,52.27499961853,1.0013385620112398,10,False,False,False,False,False,False
2004-04-02,11:00:00,2.9,1327.5,468.0,14.189345912451454,1122.75,180.0,738.25,127.0,1821.0,1368.0,19.449999809265,44.074999809265,0.9854840777057463,11,False,False,False,False,False,False
2004-04-02,12:00:00,3.1,1340.75,454.0,15.888749669624614,1176.25,167.0,747.75,135.0,1824.5,1346.5,22.900000095367,33.825000286102,0.9322369653333065,12,False,False,False,False,False,False
2004-04-02,13:00:00,3.0,1296.5,461.0,16.092604901165874,1182.5,159.0,764.5,130.0,1773.0,1241.5,23.624999523163,31.275000095367,0.90012924887395,13,False,False,False,False,False,False
2004-04-02,14:00:00,2.7,1303.0,391.0,14.681118210237681,1138.5,152.0,790.25,126.0,1760.75,1138.0,24.72500038147,30.499999523163,0.9370989211895211,14,False,False,False,False,False,False
2004-04-02,15:00:00,2.7,1281.0,337.0,13.973076899581681,1115.75,149.0,808.75,121.0,1702.5,1079.5,26.125000476837,27.27499961853,0.9100515480473719,15,False,False,False,False,False,False
2004-04-02,16:00:00,2.6,1247.75,297.0,13.567594761904079,1102.5,143.0,871.5,122.0,1632.25,1002.0,27.574999809265,22.824999809265,0.8288101112400023,16,False,False,False,False,False,False
2004-04-02,17:00:00,3.7,1382.0,588.0,19.69913018617026,1288.0,185.0,777.75,138.0,1799.0,1212.25,26.875,22.349999904633,0.7791626660382895,17,False,False,False,False,False,False
2004-04-02,18:00:00,4.5,1491.25,721.0,23.29507783426013,1385.25,223.0,685.0,165.0,1915.25,1486.25,24.275000095367,30.124999523163,0.9012158825040008,18,False,False,False,False,False,False
2004-04-02,19:00:00,4.7,1619.75,710.0,24.143977510134107,1407.25,215.0,641.0,154.0,2051.75,1567.25,21.224999904633,40.050000190735,0.997832991603864,19,False,False,False,False,False,False
2004-04-02,20:00:00,5.5,1693.0,787.0,25.39185365635481,1439.0,271.0,617.75,168.0,2083.25,1722.5,19.425000190735,42.474999427795,0.9482539617221298,20,False,False,False,False,False,False
2004-04-02,21:00:00,3.0,1373.5,415.0,14.142883364271057,1121.25,180.0,770.75,146.0,1685.25,1399.25,18.499999523163,43.02499961853,0.907379859945666,21,False,False,False,False,False,False
2004-04-02,22:00:00,1.9,1287.25,245.0,10.123793161712667,982.25,115.0,841.25,124.0,1582.0,1290.5,17.77499961853,46.950000762939,0.9467088086263501,22,False,False,False,False,False,False
2004-04-02,23:00:00,2.3,1408.25,294.0,12.076377763385809,1052.25,149.0,761.0,124.0,1683.5,1442.5,16.799999713898,53.224999427795,1.0100328275036838,23,False,False,False,False,False,False
2004-04-03,00:00:00,1.6,1254.25,139.0,9.029748042099776,940.5,98.0,828.0,106.0,1566.25,1269.5,17.075000286102,51.75,0.9990409443791354,0,False,True,False,False,False,False
2004-04-03,01:00:00,1.3,1140.75,98.0,6.31930644980548,826.5,73.0,935.5,88.0,1488.25,1109.75,16.249999761581,54.174999237061,0.9932762128755723,1,False,True,False,False,False,False
2004-04-03,02:00:00,1.2,1140.75,88.0,5.277767706408433,777.25,69.0,986.0,83.0,1455.25,1059.75,15.050000190735,58.150000572205,0.9885698323576909,2,False,True,False,False,False,False
2004-04-03,04:00:00,0.8,986.25,57.0,2.9878617985251053,651.25,60.0,1144.5,74.0,1380.25,891.0,14.450000047684,57.975001335144,0.9488310828175042,4,False,True,False,False,False,False
2004-04-03,05:00:00,0.8,1005.0,57.0,3.347581466611277,673.25,56.0,1103.0,64.0,1387.25,904.5,13.725000143051,61.625,0.9630834431490053,5,False,True,False,False,False,False
2004-04-03,06:00:00,0.9,1040.75,60.0,3.5082754249705093,682.75,73.0,1112.25,69.0,1397.5,898.75,13.874999761581,59.625,0.9407844330219806,6,False,True,False,False,False,False
2004-04-03,07:00:00,2.0,1271.75,200.0,9.501420645894049,958.75,159.0,845.5,91.0,1659.75,1136.25,13.325000047684,61.699999809265,0.9399213426499731,7,False,True,False,False,False,False
2004-04-03,08:00:00,3.0,1436.25,451.0,15.172041243505564,1154.0,203.0,704.0,96.0,1872.25,1390.75,15.050000190735,55.800000190735,0.9486190247860613,8,False,True,False,False,False,False
2004-04-03,09:00:00,3.1,1471.75,422.0,14.274695923974273,1125.5,211.0,719.5,106.0,1816.0,1460.0,16.974999904633,50.474999427795,0.9683685256436287,9,False,True,False,False,False,False
2004-04-05,10:00:00,3.1,1460.75,424.0,14.305786381113023,1126.5,236.0,702.5,124.0,1836.25,1450.75,15.550000190735,57.424999237061,1.0075441570496249,10,True,False,False,False,False,False
2004-04-05,11:00:00,3.0,1429.75,339.0,13.704734690088378,1107.0,228.0,713.25,121.0,1852.75,1409.25,16.64999961853,55.224999427795,1.0382077156536984,11,True,False,False,False,False,False
2004-04-05,12:00:00,3.2,1498.25,445.0,15.702182283122928,1170.5,206.0,683.5,114.0,1941.5,1433.75,17.0,54.300000190735,1.043377570861781,12,True,False,False,False,False,False
2004-04-05,13:00:00,3.1,1453.5,535.0,15.420080106108864,1161.75,188.0,681.5,114.0,1915.25,1457.0,18.02499961853,51.52499961853,1.0551873820329405,13,True,False,False,False,False,False
2004-04-05,14:00:00,2.5,1402.25,278.0,12.55786319242134,1068.75,158.0,732.5,106.0,1792.5,1324.75,19.5,47.5,1.0653261891204455,14,True,False,False,False,False,False
2004-04-05,15:00:00,2.1,1327.0,256.0,9.817124758804077,970.75,124.0,803.25,89.0,1704.75,1120.0,21.575000286102,41.675000190735,1.060550430859653,15,True,False,False,False,False,False
2004-04-05,16:00:00,2.0,1273.0,245.0,9.612729263697018,963.0,98.0,832.0,82.0,1662.0,931.0,22.175000667572,38.299999237061,1.0105918398252391,16,True,False,False,False,False,False
2004-04-05,17:00:00,3.2,1456.75,458.0,16.33046358954291,1189.75,160.0,677.75,111.0,1876.5,1212.0,20.275000572205,42.75,1.0053293261816674,17,True,False,False,False,False,False
2004-04-05,18:00:00,4.1,1542.75,710.0,19.761559943817087,1289.75,194.0,631.0,132.0,2011.0,1353.25,19.72500038147,45.35000038147,1.0312246874299091,18,True,False,False,False,False,False
2004-04-05,19:00:00,3.9,1499.25,678.0,17.99401672262385,1239.25,174.0,650.75,121.0,1956.5,1358.75,18.800000190735,47.47500038147,1.0199260904465013,19,True,False,False,False,False,False
2004-04-05,20:00:00,3.1,1378.25,436.0,13.559993122694275,1102.25,157.0,742.25,116.0,1795.75,1272.75,17.924999713898,49.449999809265,1.0064378607173432,20,True,False,False,False,False,False
2004-04-05,21:00:00,2.0,1242.5,178.0,8.706316634357416,927.75,109.0,851.75,100.0,1622.0,1078.75,17.5,50.89999961853,1.0089772355664224,21,True,False,False,False,False,False
2004-04-05,22:00:00,1.7,1195.5,160.0,7.664791387485363,885.25,85.0,883.75,89.0,1588.75,972.5,17.424999713898,51.849999427795,1.0230268132897535,22,True,False,False,False,False,False
2004-04-05,23:00:00,1.6,1137.25,177.0,7.287422947152213,869.25,90.0,889.75,92.0,1553.75,951.25,17.02499961853,53.85000038147,1.0363455080563233,23,True,False,False,False,False,False
2004-04-06,00:00:00,1.0,1015.25,101.0,4.1231866000360915,717.5,61.0,1065.25,71.0,1427.75,714.25,16.625,55.449999809265,1.0408092259029822,0,False,False,False,False,True,False
2004-04-06,01:00:00,0.8,977.5,66.0,2.729591596001178,634.75,36.0,1187.5,51.0,1381.75,579.0,15.900000333786,57.0,1.0223592859459796,1,False,False,False,False,True,False
2004-04-06,02:00:00,0.5,933.33333333333,40.0,1.5320666279847972,547.33333333333,25.0,1357.3333333333,39.0,1336.0,542.33333333333,15.033333142598,59.233333587646,1.0059262147828834,2,False,False,False,False,True,False
2004-04-06,04:00:00,0.5,907.75,39.0,1.7981883753610237,568.75,24.0,1303.0,35.0,1360.25,525.75,14.125000238419,61.64999961853,0.9883477311012104,4,False,False,False,False,True,False
2004-04-06,05:00:00,0.8,979.5,62.0,3.402194127528105,676.5,73.0,1141.0,64.0,1434.5,659.0,14.599999904633,58.77499961853,0.971123799374813,5,False,False,False,False,True,False
2004-04-06,06:00:00,1.7,1236.25,120.0,8.499723066346661,919.5,164.0,879.75,94.0,1641.0,1011.75,14.375,58.89999961853,0.9593893500490737,6,False,False,False,False,True,False
2004-04-06,07:00:00,4.5,1664.0,599.0,24.13425822251112,1407.0,329.0,594.25,134.0,2198.0,1563.75,15.299999952316,55.224999427795,0.9537883559086512,7,False,False,False,False,True,False
2004-04-06,08:00:00,6.2,1757.25,1084.0,33.7131921813212,1635.75,302.0,493.75,129.0,2560.0,1806.0,16.175000190735,52.47500038147,0.9575924601680932,8,False,False,False,False,True,False
2004-04-06,09:00:00,4.4,1524.0,776.0,21.971351482758013,1350.25,256.0,588.0,125.0,2096.0,1603.75,18.449999809265,46.299999237061,0.9734382393846187,9,False,False,False,False,True,False
2004-04-06,10:00:00,2.9,1329.25,470.0,14.057870825978647,1118.5,182.0,707.0,107.0,1823.25,1288.25,19.575000286102,41.750000953674,0.9406805877414648,10,False,False,False,False,True,False
2004-04-06,11:00:00,1.6,1166.5,169.0,7.623121501642551,883.5,105.0,881.0,78.0,1580.0,931.25,20.150000095367,40.14999961853,0.9370122132555601,11,False,False,False,False,True,False
2004-04-06,12:00:00,2.6,1368.75,304.0,14.469484108022469,1131.75,136.0,715.0,91.0,1818.25,1161.5,20.874999523163,36.64999961853,0.8939372165648346,12,False,False,False,False,True,False
2004-04-06,13:00:00,2.9,1283.5,405.0,13.582803488725443,1103.0,167.0,755.25,116.0,1704.0,1064.25,20.400000572205,34.724999427795,0.82285662608937,13,False,False,False,False,True,False
2004-04-06,14:00:00,2.5,1221.25,297.0,11.496468626062793,1032.0,166.0,811.25,131.0,1629.5,912.5,19.25,35.375000953674,0.781308262789888,14,False,False,False,False,True,False
2004-04-06,15:00:00,1.9,1096.0,220.0,9.203008830704247,947.25,115.0,871.5,113.0,1518.75,683.5,18.575000286102,36.949998855591,0.7828762567069473,15,False,False,False,False,True,False
2004-04-06,16:00:00,1.9,1143.0,226.0,10.278633174525405,988.0,109.0,849.25,98.0,1589.75,710.0,18.775000095367,36.75,0.7883009974016415,16,False,False,False,False,True,False
2004-04-06,17:00:00,2.7,1251.25,456.0,13.96537920780899,1115.5,143.0,759.5,116.0,1716.25,922.5,17.549999713898,40.574999809265,0.8068108689475354,17,False,False,False,False,True,False
2004-04-06,18:00:00,3.0,1267.5,470.0,14.96533229143403,1147.5,159.0,727.75,120.0,1775.75,1005.5,16.849999904633,44.275000572205,0.8428194790443849,18,False,False,False,False,True,False
2004-04-06,19:00:00,3.3,1314.0,503.0,15.052638534591573,1150.25,181.0,725.75,126.0,1783.5,1083.0,16.25,47.699999809265,0.8745597884676989,19,False,False,False,False,True,False
2004-04-06,20:00:00,3.2,1314.75,459.0,14.799258378177408,1142.25,178.0,724.0,126.0,1807.25,1160.75,15.649999856949,50.675000190735,0.8947304855010257,20,False,False,False,False,True,False
2004-04-06,21:00:00,1.8,1094.5,227.0,8.468605670477224,918.25,91.0,895.75,90.0,1527.25,799.5,15.724999904633,49.425000190735,0.8767897403209677,21,False,False,False,False,True,False
2004-04-06,22:00:00,1.3,1026.5,152.0,5.90803588370757,807.5,76.0,996.25,81.0,1457.75,647.0,15.775000333786,48.625,0.8653158968416734,22,False,False,False,False,True,False
2004-04-06,23:00:00,1.1,1011.75,94.0,4.765319158079068,751.5,66.0,1053.25,74.0,1392.5,649.0,15.699999809265,47.0,0.832459893714118,23,False,False,False,False,True,False
2004-04-07,00:00:00,0.9,947.75,93.0,3.9868992729385573,710.0,56.0,1127.25,67.0,1352.0,575.0,15.700000047684,45.85000038147,0.812091213130173,0,False,False,False,False,False,True
2004-04-07,01:00:00,0.7,888.5,49.0,2.264475119028675,603.25,35.0,1307.5,46.0,1271.0,455.25,15.625,44.924999237061,0.7919593443161665,1,False,False,False,False,False,True
2004-04-07,02:00:00,0.4,830.0,30.0,1.4218161094645745,538.0,21.0,1475.25,30.0,1213.5,391.75,15.625000238419,44.400000572205,0.7827044288458469,2,False,False,False,False,False,True
2004-04-07,04:00:00,0.3,804.25,30.0,0.7126810127135328,468.25,12.0,1826.25,19.0,1166.25,319.5,15.725000143051,45.449999809265,0.8062740308440627,4,False,False,False,False,False,True
2004-04-07,05:00:00,0.3,823.5,32.0,0.796957826375638,477.75,22.0,1704.75,32.0,1200.0,331.0,15.25,50.050000190735,0.8616871134203429,5,False,False,False,False,False,True
2004-04-07,06:00:00,0.8,999.75,59.0,3.5941382910062885,687.75,55.0,1257.0,61.0,1398.0,425.75,14.200000047684,58.625000953674,0.9443471754045215,6,False,False,False,False,False,True
2004-04-07,07:00:00,2.8,1306.5,277.0,12.935403223060518,1081.5,152.0,776.75,111.0,1768.75,830.25,14.299999713898,58.175000190735,0.9430753059157301,7,False,False,False,False,False,True
2004-04-07,08:00:00,3.1,1286.25,454.0,15.718368230168373,1171.0,153.0,715.5,102.0,1821.0,1005.5,15.000000238419,52.02499961853,0.881650693427237,8,False,False,False,False,False,True
2004-04-07,09:00:00,2.3,1149.75,211.0,8.624678823055866,924.5,152.0,865.25,116.0,1576.25,819.75,13.600000143051,61.400000572205,0.9519403600439107,9,False,False,False,False,False,True
2004-04-07,10:00:00,1.6,1086.5,196.0,7.439749080835974,875.75,112.0,910.5,96.0,1553.75,737.0,16.149999856949,53.10000038147,0.9674791000562221,10,False,False,False,False,False,True
2004-04-07,11:00:00,1.5,1016.0,110.0,6.596289193627687,839.0,119.0,991.25,97.0,1447.5,789.5,16.574999809265,44.324999809265,0.8293924036898435,11,False,False,False,False,False,True
2004-04-07,12:00:00,1.6,1028.5,164.0,7.83243820672786,892.25,122.0,937.25,110.0,1473.5,759.5,17.375,40.27499961853,0.7921784402842258,12,False,False,False,False,False,True
2004-04-07,13:00:00,1.8,1108.75,151.0,9.100166288289229,943.25,115.0,883.0,103.0,1604.0,767.0,18.074999332428,42.249999046326,0.8679267143018373,13,False,False,False,False,False,True
2004-04-07,14:00:00,1.4,996.5,112.0,6.11219638745319,817.0,84.0,1030.25,79.0,1426.0,626.25,14.375,51.77499961853,0.8433341859850463,14,False,False,False,False,False,True
2004-04-07,15:00:00,1.9,1177.0,117.0,7.528239978446694,879.5,146.0,926.75,104.0,1551.75,775.5,10.900000095367,76.39999961853,0.9952506258732835,15,False,False,False,False,False,True
2004-04-07,16:00:00,1.2,1044.75,120.0,5.918707400673933,808.0,65.0,1037.75,69.0,1420.75,588.75,16.400000333786,47.650000572205,0.881894433113482,16,False,False,False,False,False,True
2004-04-07,17:00:00,2.3,1171.0,251.0,12.683180009517667,1073.0,120.0,846.5,96.0,1623.0,872.0,18.025000095367,37.099999427795,0.7597758896786423,17,False,False,False,False,False,True
2004-04-07,18:00:00,3.3,1220.5,435.0,13.50683251398055,1100.5,185.0,799.25,121.0,1700.0,996.25,14.699999809265,48.650000572205,0.808943708864829,18,False,False,False,False,False,True
2004-04-07,19:00:00,3.1,1261.75,345.0,14.500754620232733,1132.75,157.0,774.25,129.0,1747.5,1033.0,11.275000095367,71.27499961853,0.9513986252493367,19,False,False,False,False,False,True
2004-04-07,20:00:00,3.3,1206.5,343.0,10.956516647621989,1012.75,174.0,875.75,116.0,1632.0,981.75,10.0,73.97500038147,0.9086627980010701,20,False,False,False,False,False,True
2004-04-07,21:00:00,1.2,955.75,62.0,3.222993460672848,665.75,62.0,1234.75,71.0,1282.0,517.75,9.8000001907349,71.774997711182,0.870156759430939,21,False,False,False,False,False,True
2004-04-07,22:00:00,1.3,1020.25,70.0,4.293956324258487,726.75,81.0,1152.75,85.0,1390.75,630.5,9.25,75.224998474121,0.8796053386536202,22,False,False,False,False,False,True
2004-04-07,23:00:00,1.9,1107.25,114.0,7.084494010841125,860.5,118.0,956.75,101.0,1509.75,878.75,9.6000001430511,75.950000762939,0.9087628546117394,23,False,False,False,False,False,True
2004-04-08,00:00:00,1.4,1019.5,88.0,4.765319158079068,751.5,95.0,1073.5,97.0,1397.75,838.75,9.2999997138977,74.999998092651,0.8798661088548587,0,False,False,False,True,False,False
2004-04-08,01:00:00,1.5,1051.25,95.0,5.696332871686994,797.5,84.0,1015.5,89.0,1455.0,876.25,9.0,76.72500038147,0.8824834738889057,1,False,False,False,True,False,False
2004-04-08,02:00:00,1.1,965.0,83.0,4.09121162052864,715.75,56.0,1086.75,72.0,1383.25,826.5,8.1750000715256,79.625,0.8671896523617082,2,False,False,False,True,False,False
2004-04-08,05:00:00,0.8,869.0,68.0,2.837944850489492,641.75,69.0,1290.75,62.0,1287.5,723.25,8.0750000476837,72.074998855591,0.7797699428120062,5,False,False,False,True,False,False
2004-04-08,06:00:00,1.1,938.75,59.0,4.809204855249734,753.75,74.0,1168.75,64.0,1383.75,797.25,8.0500001907349,70.449998855591,0.7609249456791303,6,False,False,False,True,False,False
2004-04-08,07:00:00,2.6,1274.25,226.0,13.765874424449917,1109.0,161.0,820.25,80.0,1723.0,1137.75,8.0750000476837,70.500001907349,0.7627302577650394,7,False,False,False,True,False,False
2004-04-08,08:00:00,5.1,1511.5,802.0,27.104010975786125,1481.5,308.0,596.25,118.0,2189.0,1605.25,9.9249999523163,64.299999237061,0.7859494810715075,8,False,False,False,True,False,False
2004-04-08,09:00:00,4.2,1435.25,585.0,19.07947207943386,1270.5,300.0,675.5,130.0,1885.25,1568.75,13.0,54.224999427795,0.8090284146502021,9,False,False,False,True,False,False
2004-04-08,10:00:00,2.6,1207.25,324.0,11.745553705068062,1040.75,189.0,813.25,113.0,1619.5,1319.0,16.475000143051,42.550000190735,0.7912121407022052,10,False,False,False,True,False,False
2004-04-08,11:00:00,2.4,1222.5,308.0,12.727536081823898,1074.5,164.0,818.25,112.0,1677.75,1197.5,19.300000190735,34.150000095367,0.7565718712142413,11,False,False,False,True,False,False
2004-04-08,12:00:00,2.1,1120.5,238.0,11.319946086587374,1025.75,122.0,864.75,96.0,1541.0,958.25,21.500000476837,27.39999961853,0.6941232789104222,12,False,False,False,True,False,False
2004-04-08,13:00:00,2.6,1176.25,301.0,14.189345912451454,1122.75,166.0,816.0,125.0,1609.0,1067.75,20.375,26.724999904633,0.6323214406009123,13,False,False,False,True,False,False
2004-04-08,14:00:00,2.8,1144.0,294.0,13.903862790799815,1113.5,181.0,844.75,128.0,1550.75,1009.5,20.64999961853,22.574999809265,0.5431509987824682,14,False,False,False,True,False,False
2004-04-08,15:00:00,2.5,1136.0,353.0,13.15970915927741,1089.0,127.0,855.5,101.0,1551.5,928.0,20.550000667572,24.800000190735,0.5930639403151151,15,False,False,False,True,False,False
2004-04-08,16:00:00,1.9,1084.75,209.0,10.721628410296905,1004.25,106.0,887.5,95.0,1453.75,815.5,21.025000095367,25.449999809265,0.6264348891674623,16,False,False,False,True,False,False
2004-04-08,17:00:00,3.6,1297.3333333333,538.0,19.663493856394243,1287.0,192.0,722.66666666667,138.0,1798.0,1216.3333333333,21.46666653951,24.53333346049,0.6202501379321717,17,False,False,False,True,False,False
2004-04-08,18:00:00,4.6,1407.75,808.0,23.998363424730808,1403.5,241.0,646.25,154.0,1972.25,1462.5,19.324999809265,28.64999961853,0.6356977585878124,18,False,False,False,True,False,False
2004-04-08,19:00:00,6.3,1617.75,974.0,29.11577111117782,1530.0,326.0,579.0,171.0,2166.5,1791.0,18.0,32.949999809265,0.6737433030374539,19,False,False,False,True,False,False
2004-04-08,20:00:00,4.3,1318.5,544.0,15.750761449955471,1172.0,232.0,745.75,136.0,1699.0,1425.0,15.825000047684,39.75,0.7096071726119499,20,False,False,False,True,False,False
2004-04-08,21:00:00,1.6,1045.0,138.0,7.009743443406673,857.25,92.0,967.5,93.0,1410.25,922.25,15.349999904633,41.52499961853,0.7194427481476037,21,False,False,False,True,False,False
2004-04-08,22:00:00,1.4,1058.0,92.0,6.271811937209442,824.33333333333,95.0,993.0,99.0,1411.0,971.33333333333,14.100000063578,46.0,0.736280952343723,22,False,False,False,True,False,False
2004-04-09,23:00:00,2.3,1176.0,169.0,8.437536944416262,917.0,157.0,866.0,95.0,1559.5,1151.25,12.049999952316,67.85000038147,0.9522807682663211,23,False,False,False,False,False,False
2004-04-10,00:00:00,1.3,1046.5,77.0,5.395234084738762,783.0,83.0,1013.75,79.0,1449.0,975.0,11.950000047684,66.949999809265,0.9335999212840861,0,False,True,False,False,False,False
2004-04-10,01:00:00,1.7,1115.75,98.0,6.923913198243088,853.5,118.0,929.0,78.0,1532.75,1033.75,11.524999856949,70.050001144409,0.9503320915564459,1,False,True,False,False,False,False
2004-04-10,02:00:00,1.7,1074.25,102.0,6.440554720612328,832.0,101.0,951.25,75.0,1506.5,979.75,11.39999961853,69.77499961853,0.9389612125097411,2,False,True,False,False,False,False
2004-04-10,04:00:00,0.8,898.25,69.0,3.2808838245676193,669.25,46.0,1163.0,52.0,1386.25,806.5,10.800000190735,70.25,0.9091964358754486,4,False,True,False,False,False,False
2004-04-10,05:00:00,1.0,970.25,89.0,3.9508862355878556,708.0,81.0,1120.5,55.0,1435.25,841.5,10.200000286102,73.35000038147,0.9128582080413086,5,False,True,False,False,False,False
2004-04-10,06:00:00,1.4,1072.5,134.0,6.004374886921272,812.0,112.0,987.75,65.0,1500.25,950.0,10.825000047684,70.525001525879,0.9142429296932489,6,False,True,False,False,False,False
2004-04-10,07:00:00,1.7,1081.25,157.0,8.166234911142775,906.0,150.0,894.5,72.0,1591.0,1023.5,10.950000047684,71.0,0.9279200488082053,7,False,True,False,False,False,False
2004-04-10,08:00:00,2.0,1158.5,167.0,9.949964658366447,975.75,138.0,837.25,76.0,1662.75,1097.5,12.424999952316,64.02499961853,0.9205889283030111,8,False,True,False,False,False,False
2004-04-10,09:00:00,2.0,1112.0,157.0,8.775650731240786,930.5,124.0,868.75,84.0,1587.75,1011.25,14.97500038147,53.14999961853,0.8992925111862892,9,False,True,False,False,False,False
2004-04-10,10:00:00,1.9,1111.75,172.0,8.437536944416262,917.0,124.0,897.25,90.0,1542.0,931.25,16.574999809265,44.425000190735,0.8312635724910663,10,False,True,False,False,False,False
2004-04-10,11:00:00,2.1,1062.5,114.0,7.463303030999023,876.75,115.0,970.5,89.0,1480.75,811.0,18.000000476837,38.449998855591,0.7862042532916028,11,False,True,False,False,False,False
2004-04-10,12:00:00,1.8,1032.0,166.0,7.826424205287786,892.0,101.0,972.75,87.0,1457.0,755.5,20.625000476837,30.02499961853,0.7212989069933119,12,False,True,False,False,False,False
2004-04-10,13:00:00,1.5,936.0,94.0,6.368789264357057,828.75,90.0,1053.5,88.0,1335.75,606.5,19.89999961853,26.699999809265,0.6136736028755,13,False,True,False,False,False,False
2004-04-10,14:00:00,1.3,882.5,108.0,5.056129143379375,766.25,90.0,1152.0,81.0,1238.25,497.75,19.799999713898,23.125,0.5282644102460846,14,False,True,False,False,False,False
2004-04-10,15:00:00,1.4,941.5,98.0,6.884013451636693,851.75,89.0,1055.0,89.0,1318.25,539.5,21.39999961853,22.72500038147,0.5722188319835871,15,False,True,False,False,False,False
2004-04-10,16:00:00,1.5,942.75,132.0,6.838534174113407,849.75,92.0,1083.5,91.0,1295.5,544.25,22.14999961853,21.275000095367,0.5605221603396696,16,False,True,False,False,False,False
2004-04-10,17:00:00,1.7,1007.0,144.0,7.4103512917057,874.5,103.0,1027.25,104.0,1357.0,619.75,21.050000190735,24.5,0.603966751645892,17,False,True,False,False,False,False
2004-04-10,18:00:00,2.0,1037.25,165.0,8.674878673990467,926.5,122.0,949.0,111.0,1425.5,739.5,18.25,31.599999427795,0.6562155197673951,18,False,True,False,False,False,False
2004-04-10,19:00:00,2.5,1126.5,210.0,11.207583313862159,1021.75,159.0,871.25,129.0,1533.5,921.25,16.125000238419,35.025000572205,0.6371532765080584,19,False,True,False,False,False,False
2004-04-10,20:00:00,2.4,1123.0,277.0,10.502542595459966,996.25,172.0,861.0,133.0,1550.75,1033.25,14.775000095367,41.474999427795,0.6929241728243624,20,False,True,False,False,False,False
2004-04-10,21:00:00,2.0,1110.0,168.0,8.227562389390469,908.5,125.0,916.0,115.0,1487.0,984.25,13.150000095367,50.300000190735,0.757718778618473,21,False,True,False,False,False,False
2004-04-10,22:00:00,2.9,1247.25,248.0,11.638524261032968,1037.0,187.0,811.5,125.0,1618.0,1192.75,12.299999713898,55.5,0.7916110940672102,22,False,True,False,False,False,False
2004-04-10,23:00:00,2.5,1219.75,235.0,9.711401368340608,966.75,174.0,843.5,117.0,1545.0,1218.5,11.824999809265,56.625,0.7832663973783106,23,False,True,False,False,False,False
2004-04-11,00:00:00,1.4,1028.25,84.0,5.126210628605008,769.75,75.0,1046.5,84.0,1326.0,912.75,11.200000047684,56.22500038147,0.7468609589845411,0,False,False,True,False,False,False
2004-04-11,01:00:00,1.2,977.75,75.0,3.9959242929204266,710.5,48.0,1143.75,63.0,1304.0,750.25,11.0,56.574999809265,0.7418043568213769,1,False,False,True,False,False,False
2004-04-11,02:00:00,1.0,949.0,62.0,3.7027089847837953,694.0,61.0,1159.75,68.0,1309.5,771.75,9.2750000953674,64.300001144409,0.7530981034777341,2,False,False,True,False,False,False
2004-04-11,05:00:00,0.7,836.25,38.0,2.857482624257634,643.0,38.0,1244.25,49.0,1306.0,727.0,7.7000000476837,70.72500038147,0.7463216366965916,5,False,False,True,False,False,False
2004-04-11,06:00:00,0.8,856.25,44.0,2.87315397168927,644.0,41.0,1259.0,49.0,1301.0,746.25,7.4000000953674,71.02499961853,0.7346499326529891,6,False,False,True,False,False,False
2004-04-11,07:00:00,0.9,887.5,60.0,2.9878617985251053,651.25,51.0,1240.25,52.0,1298.25,733.25,8.2250002622604,66.64999961853,0.7282918112538123,7,False,False,True,False,False,False
2004-04-11,08:00:00,1.1,912.0,88.0,3.7027089847837953,694.0,61.0,1196.3333333333,58.0,1342.6666666667,727.0,8.733333269755,64.300000508626,0.7266639335560638,8,False,False,True,False,False,False
2004-04-11,09:00:00,1.0,937.5,70.0,3.9194891796262517,706.25,47.0,1176.75,51.0,1319.5,641.5,12.950000047684,47.85000038147,0.711628356117237,9,False,False,True,False,False,False
2004-04-11,10:00:00,1.6,1052.5,94.0,6.248121985691788,823.25,87.0,1040.0,77.0,1385.5,810.25,17.424999952316,35.424999237061,0.6989532308124434,10,False,False,True,False,False,False
2004-04-11,11:00:00,1.8,1086.75,126.0,7.310770263939386,870.25,107.0,1013.5,90.0,1411.5,850.5,20.200000286102,29.175000190735,0.6829610295766556,11,False,False,True,False,False,False
2004-04-11,12:00:00,2.6,1153.0,181.0,9.151525969960906,945.25,161.0,968.75,118.0,1424.5,911.25,22.650000095367,22.924999713898,0.622425129892252,12,False,False,True,False,False,False
2004-04-11,13:00:00,1.1,893.75,66.0,3.982390025773332,709.75,61.0,1209.0,70.0,1200.25,611.25,22.300000190735,22.400000095367,0.5955143878428677,13,False,False,True,False,False,False
2004-04-11,14:00:00,0.6,796.5,54.0,2.3000316105315717,605.75,26.0,1452.25,35.0,1075.75,367.5,22.150000095367,18.949999809265,0.499266514167915,14,False,False,True,False,False,False
2004-04-11,15:00:00,0.9,854.0,48.0,3.096374945960142,658.0,42.0,1408.5,46.0,1107.75,368.5,22.049999713898,18.97500038147,0.496922650130175,15,False,False,True,False,False,False
2004-04-11,16:00:00,1.0,891.75,66.0,3.214759295216265,665.25,55.0,1347.5,58.0,1150.0,393.75,21.0,23.550000190735,0.5787888610744366,16,False,False,True,False,False,False
2004-04-11,17:00:00,1.2,935.25,65.0,3.3225027974574513,671.75,65.0,1298.75,61.0,1182.75,414.5,19.574999809265,27.35000038147,0.6162302537497344,17,False,False,True,False,False,False
2004-04-11,18:00:00,1.4,989.25,68.0,3.9733780589080423,709.25,75.0,1224.75,80.0,1232.75,469.0,17.924999237061,30.75,0.6258435474570397,18,False,False,True,False,False,False
2004-04-11,19:00:00,2.0,1062.75,118.0,5.675343902036482,796.5,93.0,1078.75,93.0,1284.5,607.25,16.375,35.349999427795,0.6532252461656287,19,False,False,True,False,False,False
2004-04-11,20:00:00,1.1,922.0,65.0,3.3559588840673533,673.75,63.0,1219.75,78.0,1205.0,498.0,15.550000190735,37.47500038147,0.657513594626475,20,False,False,True,False,False,False
2004-04-11,21:00:00,1.1,925.25,63.0,3.45293985090343,679.5,60.0,1222.5,76.0,1217.25,481.0,15.525000095367,36.749999046326,0.6437782135031566,21,False,False,True,False,False,False
2004-04-11,22:00:00,1.1,924.25,61.0,2.9401643453635233,648.25,63.0,1271.5,74.0,1186.25,464.5,14.549999952316,39.025000572205,0.6427578918712219,22,False,False,True,False,False,False
2004-04-11,23:00:00,1.1,913.5,63.0,3.145131870638927,661.0,66.0,1256.25,81.0,1186.75,478.0,14.224999904633,38.200000762939,0.616314892823216,23,False,False,True,False,False,False
2004-04-12,00:00:00,0.7,839.75,31.0,1.6375687065620157,556.0,41.0,1473.75,58.0,1094.0,366.25,13.650000095367,38.299999237061,0.595698819613484,0,True,False,False,False,False,False
2004-04-12,01:00:00,0.6,799.25,29.0,1.149307713853833,513.5,42.0,1614.75,59.0,1036.25,332.25,14.099999904633,34.0,0.5442076549227642,1,True,False,False,False,False,False
2004-04-12,02:00:00,0.7,855.5,34.0,1.9518462020878005,580.5,36.0,1447.5,54.0,1110.5,346.25,14.575000047684,33.974999427795,0.5604704917205382,2,True,False,False,False,False,False
2004-04-12,04:00:00,0.3,752.5,9.0,0.6573464798615279,461.75,16.0,1821.5,25.0,955.0,274.0,13.875,30.85000038147,0.48676227352119056,4,True,False,False,False,False,False
2004-04-12,05:00:00,0.3,784.5,14.0,0.5427813338961612,447.5,16.0,1923.25,26.0,1003.0,263.0,13.524999856949,37.925000190735,0.5851754876606478,5,True,False,False,False,False,False
2004-04-12,06:00:00,0.4,834.75,23.0,0.7432629495090571,471.75,33.0,1755.5,49.0,1116.75,314.25,13.874999761581,43.550000190735,0.6871473750532121,6,True,False,False,False,False,False
2004-04-12,07:00:00,0.5,865.0,36.0,0.9454247256167749,493.5,39.0,1613.0,53.0,1184.75,367.0,13.474999666214,50.099999427795,0.7705670405847741,7,True,False,False,False,False,False
2004-04-12,08:00:00,0.6,922.25,39.0,1.4568707533676883,541.0,45.0,1452.75,57.0,1246.25,431.75,13.324999809265,53.625,0.8169089365712796,8,True,False,False,False,False,False
2004-04-12,09:00:00,0.8,974.5,38.0,2.190576760964729,598.0,63.0,1267.5,73.0,1292.75,536.0,13.400000095367,56.025000572205,0.8575746802941473,9,True,False,False,False,False,False
2004-04-12,10:00:00,1.0,1040.25,55.0,2.900666704377631,645.75,71.0,1209.5,78.0,1325.25,554.5,12.950000286102,59.575000762939,0.8860033473170625,10,True,False,False,False,False,False
2004-04-12,11:00:00,1.3,1114.5,75.0,3.928448868489377,706.75,104.0,1105.0,93.0,1384.25,677.25,12.700000047684,62.674998283386,0.917262655105977,11,True,False,False,False,False,False
2004-04-12,12:00:00,1.1,1004.25,64.0,2.818464253455941,640.5,85.0,1201.25,71.0,1304.75,557.25,12.075000047684,60.500000953674,0.8504944223495169,12,True,False,False,False,False,False
2004-04-12,13:00:00,0.6,894.75,39.0,1.4015358776186697,536.25,53.0,1414.5,56.0,1228.5,420.75,11.174999952316,64.375000953674,0.8537334295732678,13,True,False,False,False,False,False
2004-04-12,14:00:00,0.7,917.0,42.0,1.7218047897796958,562.75,58.0,1414.5,60.0,1257.0,422.75,10.725000143051,67.575000762939,0.8703127854106188,14,True,False,False,False,False,False
2004-04-12,15:00:00,1.2,1025.0,78.0,3.6114169887481182,688.75,89.0,1188.5,77.0,1324.75,519.0,11.399999856949,61.200000762939,0.8235675832997265,15,True,False,False,False,False,False
2004-04-12,16:00:00,1.4,1035.25,69.0,3.12477702038371,659.75,96.0,1221.75,82.0,1301.25,532.5,9.8500001430511,70.549999237061,0.8581149025878066,16,True,False,False,False,False,False
2004-04-12,17:00:00,1.2,1024.5,67.0,3.4912091528870413,681.75,88.0,1196.5,77.0,1313.0,537.0,10.275000095367,65.175001144409,0.8151062271297842,17,True,False,False,False,False,False
2004-04-12,18:00:00,1.3,1040.25,83.0,3.8971281280841183,705.0,100.0,1149.25,91.0,1323.5,611.5,10.975000143051,58.925000190735,0.7713618792648487,18,True,False,False,False,False,False
2004-04-12,19:00:00,1.8,1069.75,79.0,5.247305750259137,775.75,127.0,1065.0,93.0,1368.75,697.0,10.599999904633,59.450000762939,0.7594546589625041,19,True,False,False,False,False,False
2004-04-12,20:00:00,1.2,963.75,68.0,3.663464880883249,691.75,88.0,1176.0,82.0,1292.25,572.75,10.575000047684,57.72500038147,0.7362167565984372,20,True,False,False,False,False,False
2004-04-12,21:00:00,0.8,904.25,56.0,2.733430363808586,635.0,66.0,1269.25,74.0,1233.25,488.75,10.575000047684,56.050000190735,0.7148540333489708,21,True,False,False,False,False,False
2004-04-12,22:00:00,0.8,913.25,49.0,2.6004452699114715,626.25,61.0,1270.75,68.0,1234.25,473.75,10.25,57.974999427795,0.7238757885272427,22,True,False,False,False,False,False
2004-04-12,23:00:00,0.8,914.0,56.0,2.361018749438252,610.0,54.0,1321.75,65.0,1229.5,454.75,10.375,58.39999961853,0.7351639523669441,23,True,False,False,False,False,False
2004-04-13,00:00:00,0.7,893.0,48.0,2.0391460268901196,587.0,46.0,1367.5,58.0,1219.25,432.5,10.650000095367,58.199999809265,0.7459145414016218,0,False,False,False,False,True,False
2004-04-13,01:00:00,0.5,844.25,27.0,1.3471170917396558,531.5,25.0,1498.5,36.0,1176.0,376.0,10.549999952316,59.875000953674,0.762393039313602,1,False,False,False,False,True,False
2004-04-13,02:00:00,0.3,836.5,29.0,1.197502764718959,518.0,18.0,1580.75,29.0,1182.25,360.0,10.474999904633,60.799999237061,0.7703908698365101,2,False,False,False,False,True,False
2004-04-13,04:00:00,0.3,824.75,47.0,0.8995128466837359,488.75,21.0,1565.25,28.0,1170.75,363.0,11.074999809265,60.149998664856,0.7925349411096416,4,False,False,False,False,True,False
2004-04-13,05:00:00,0.7,955.5,66.0,3.0600205820759325,655.75,76.0,1250.75,68.0,1356.25,524.75,10.075000047684,68.39999961853,0.8443195552145362,5,False,False,False,False,True,False
2004-04-13,06:00:00,1.6,1124.25,163.0,6.906801269418972,852.75,149.0,960.25,99.0,1531.0,872.5,10.024999856949,68.72500038147,0.8455584540454132,6,False,False,False,False,True,False
2004-04-13,07:00:00,3.9,1496.25,524.0,19.123453175722965,1271.75,328.0,667.25,130.0,2011.25,1398.75,10.974999904633,64.150000572205,0.8397601029881155,7,False,False,False,False,True,False
2004-04-13,08:00:00,4.5,1451.75,657.0,22.092876876610813,1353.5,282.0,620.25,128.0,2056.5,1501.0,12.024999856949,58.074998855591,0.813773076230225,8,False,False,False,False,True,False
2004-04-13,09:00:00,2.7,1172.0,324.0,11.781322973571852,1042.0,206.0,796.5,120.0,1641.0,1186.25,12.775000095367,51.974999427795,0.7643402539052844,9,False,False,False,False,True,False
2004-04-13,10:00:00,1.6,1019.5,144.0,7.31661206728073,870.5,133.0,955.5,93.0,1425.5,911.25,12.600000143051,50.799999237061,0.738704773060115,10,False,False,False,False,True,False
2004-04-13,11:00:00,1.6,1044.0,135.0,8.00770000240378,899.5,137.0,934.0,96.0,1470.75,919.25,13.799999952316,47.35000038147,0.7435409424851475,11,False,False,False,False,True,False
2004-04-13,12:00:00,1.6,1019.75,140.0,7.205958222732487,865.75,116.0,971.75,84.0,1428.5,791.25,15.125,42.699999809265,0.7293640431869446,12,False,False,False,False,True,False
2004-04-13,13:00:00,1.5,1009.25,141.0,7.658832618007967,885.0,112.0,993.75,87.0,1438.5,750.75,16.274999856949,38.14999961853,0.7005616852802711,13,False,False,False,False,True,False
2004-04-13,14:00:00,1.8,1073.0,181.0,9.69163258444518,966.0,128.0,934.5,87.0,1536.5,804.75,16.575000047684,36.700000762939,0.6867163549507475,14,False,False,False,False,True,False
2004-04-13,15:00:00,2.1,1098.0,227.0,9.817124758804077,970.75,145.0,877.0,103.0,1527.25,965.75,15.849999666214,40.5,0.7241334358489561,15,False,False,False,False,True,False
2004-04-13,16:00:00,1.7,1060.75,149.0,7.694614864499808,886.5,110.0,919.75,88.0,1462.25,869.25,16.349999904633,41.800000190735,0.7712045478325213,16,False,False,False,False,True,False
2004-04-13,17:00:00,3.0,1288.75,425.0,15.283846444717812,1157.5,184.0,755.25,118.0,1790.75,1195.75,16.10000038147,42.849999427795,0.7782787412408694,17,False,False,False,False,True,False
2004-04-13,18:00:00,4.6,1441.5,669.0,21.469616535835723,1336.75,243.0,629.5,134.0,2004.0,1523.0,15.275000095367,46.825000762939,0.8074372129764512,18,False,False,False,False,True,False
2004-04-13,19:00:00,5.0,1479.0,680.0,21.69199977503211,1342.75,259.0,630.75,144.0,1994.75,1578.5,14.700000047684,47.0,0.7815077994652585,19,False,False,False,False,True,False
2004-04-13,20:00:00,3.5,1266.0,446.0,14.649682363278062,1137.5,205.0,726.0,129.0,1746.75,1370.0,14.099999904633,49.550000190735,0.7931026295653653,20,False,False,False,False,True,False
2004-04-13,21:00:00,2.1,1149.0,205.0,9.319295114362275,951.75,144.0,844.5,108.0,1577.25,1203.5,13.524999856949,54.125,0.8351383812878692,21,False,False,False,False,True,False
2004-04-13,22:00:00,2.1,1167.5,194.0,9.364685579922574,953.5,152.0,842.75,104.0,1585.5,1201.25,12.324999809265,59.22500038147,0.8461038327572422,22,False,False,False,False,True,False
2004-04-13,23:00:00,1.5,1078.5,115.0,6.7818659104834325,847.25,108.0,925.25,90.0,1463.0,1121.75,11.649999856949,62.225001335144,0.8510371214910517,23,False,False,False,False,True,False
2004-04-14,00:00:00,1.1,1047.3333333333,74.0,4.93200817992722,760.0,64.0,1032.0,74.0,1378.6666666667,1003.0,11.46666653951,61.43333307902,0.8302890507795708,0,False,False,False,False,False,True
2004-04-14,01:00:00,0.9,935.5,85.0,3.8881989834382815,704.5,73.0,1085.75,73.0,1363.75,918.25,10.875,64.550000190735,0.8395152845947566,1,False,False,False,False,False,True
2004-04-14,02:00:00,0.7,900.0,66.0,2.725755128418066,634.5,47.0,1206.75,60.0,1307.0,835.75,11.075000286102,63.22500038147,0.8330511158681938,2,False,False,False,False,False,True
2004-04-14,05:00:00,0.9,904.5,47.0,3.2891897227614906,669.75,79.0,1190.75,62.0,1345.5,819.75,10.225000143051,65.75,0.819613439499703,5,False,False,False,False,False,True
2004-04-14,06:00:00,1.6,1078.5,116.0,7.427984010652609,875.25,113.0,947.0,71.0,1534.75,998.0,10.325000047684,65.550001144409,0.8224797528672588,6,False,False,False,False,False,True
2004-04-14,07:00:00,3.9,1416.75,478.0,18.234801227497126,1246.25,263.0,669.0,94.0,1921.0,1403.0,10.849999904633,63.974999427795,0.8306838794391688,7,False,False,False,False,False,True
2004-04-14,08:00:00,5.0,1529.25,836.0,27.729952491409712,1496.75,275.0,568.5,99.0,2277.5,1641.0,13.299999952316,55.574999809265,0.8452613210585996,8,False,False,False,False,False,True
2004-04-14,09:00:00,4.3,1397.25,655.0,18.295210456775816,1248.0,263.0,659.25,119.0,1906.25,1534.0,15.775000095367,46.800000190735,0.8328387358322309,9,False,False,False,False,False,True
2004-04-14,10:00:00,2.7,1214.25,312.0,12.338011438644102,1061.25,183.0,779.75,103.0,1661.75,1256.5,19.52499961853,34.449999809265,0.7738270107124401,10,False,False,False,False,False,True
2004-04-14,11:00:00,2.1,1109.25,195.0,8.889611855025933,935.0,147.0,882.25,95.0,1518.0,1026.25,21.074999809265,30.175000190735,0.744994208694672,11,False,False,False,False,False,True
2004-04-14,12:00:00,2.1,1122.0,238.0,10.420883007390719,993.25,132.0,858.75,95.0,1571.0,993.0,18.424999713898,34.224999904633,0.718456162923375,12,False,False,False,False,False,True
2004-04-15,09:00:00,3.9,1489.25,536.0,19.061891730527954,1270.0,309.0,633.25,114.0,1888.5,1637.75,13.450000047684,53.375,0.8196274874931003,9,False,False,False,True,False,False
2004-04-15,10:00:00,3.8,1451.25,481.0,17.313596427340947,1219.25,327.0,661.25,127.0,1803.75,1633.25,15.025000095367,49.27499961853,0.8363686290428675,10,False,False,False,True,False,False
2004-04-15,11:00:00,3.8,1454.25,460.0,17.50807157143983,1225.0,299.0,660.5,135.0,1808.75,1654.25,17.050000190735,42.125,0.811962318001138,11,False,False,False,True,False,False
2004-04-15,12:00:00,3.9,1392.25,597.0,16.985953329637045,1209.5,257.0,689.25,135.0,1791.75,1559.0,18.449999809265,36.900000572205,0.7758071745613868,12,False,False,False,True,False,False
2004-04-15,13:00:00,3.5,1350.5,465.0,16.985953329637045,1209.5,195.0,708.75,120.0,1782.5,1374.0,19.250000476837,35.425000190735,0.7824125914576912,13,False,False,False,True,False,False
2004-04-15,14:00:00,4.0,1417.5,542.0,19.476854677471454,1281.75,231.0,680.75,129.0,1890.0,1418.0,19.150000095367,35.650000572205,0.7825590044914627,14,False,False,False,True,False,False
2004-04-15,15:00:00,3.0,1303.0,437.0,14.807148739274531,1142.5,170.0,748.25,114.0,1734.25,1228.25,21.474999904633,30.35000038147,0.7676936711072988,15,False,False,False,True,False,False
2004-04-15,16:00:00,3.1,1292.25,383.0,13.96537920780899,1115.5,192.0,746.25,129.0,1676.0,1292.75,19.575000286102,34.64999961853,0.7807085332181773,16,False,False,False,True,False,False
2004-04-15,17:00:00,5.2,1560.0,778.0,24.37774068147215,1413.25,251.0,593.5,149.0,2046.0,1642.25,19.60000038147,35.52499961853,0.8016505828230588,17,False,False,False,True,False,False
2004-04-15,18:00:00,5.9,1765.0,926.0,28.143709162009053,1506.75,289.0,533.0,149.0,2270.75,1895.0,18.27499961853,44.14999961853,0.9182512323376868,18,False,False,False,True,False,False
2004-04-15,19:00:00,7.3,1874.5,1189.0,33.74682003097595,1636.5,351.0,482.0,158.0,2445.75,2086.0,17.374999523163,47.75,0.9392059530635745,19,False,False,False,True,False,False
2004-04-15,20:00:00,6.1,1746.25,824.0,24.192598971050693,1408.5,319.0,552.5,148.0,2119.25,1897.75,16.800000190735,49.775000572205,0.9445633932336593,20,False,False,False,True,False,False
2004-04-15,21:00:00,4.6,1606.5,660.0,19.75263625123044,1289.5,264.0,587.25,134.0,1960.0,1758.0,16.200000286102,53.199999809265,0.9723463172921659,21,False,False,False,True,False,False
2004-04-15,22:00:00,2.5,1277.0,203.0,9.31281843867851,951.5,144.0,802.25,111.0,1606.75,1284.0,14.875,59.050000190735,0.9928173750448173,22,False,False,False,True,False,False
2004-04-15,23:00:00,2.2,1206.5,136.0,7.25246168751516,867.75,119.0,877.25,106.0,1532.25,1075.25,13.924999713898,64.0,1.0130378140898495,23,False,False,False,True,False,False
2004-04-16,00:00:00,2.0,1208.5,114.0,7.136442302880105,862.75,120.0,881.75,108.0,1547.25,1084.25,13.674999952316,66.825000762939,1.0410223808857835,0,False,False,False,False,False,False
2004-04-16,01:00:00,1.9,1188.5,110.0,6.714129541810949,844.25,96.0,886.75,93.0,1565.5,1048.75,13.449999809265,69.60000038147,1.068778877238928,1,False,False,False,False,False,False
2004-04-16,02:00:00,1.6,1131.75,127.0,5.956122343665647,809.75,77.0,899.0,83.0,1532.0,1021.25,12.849999904633,71.949998855591,1.0631995473827536,2,False,False,False,False,False,False
2004-04-16,04:00:00,1.0,1032.75,70.0,3.5682865172598426,686.25,63.0,1029.5,69.0,1419.75,947.5,11.874999761581,74.800001144409,1.0380226469521954,4,False,False,False,False,False,False
2004-04-16,05:00:00,1.2,1074.5,93.0,5.364484431415103,781.5,97.0,941.0,77.0,1504.75,988.0,11.599999904633,76.400001525879,1.041527622146106,5,False,False,False,False,False,False
2004-04-16,06:00:00,2.0,1241.75,179.0,10.003313625263502,977.75,180.0,777.5,87.0,1685.5,1184.25,11.700000047684,75.250001907349,1.0325136027224888,6,False,False,False,False,False,False
2004-04-16,07:00:00,4.5,1656.75,523.0,23.237670486817727,1383.75,352.0,579.0,109.0,2175.75,1600.25,12.75,71.02499961853,1.0428119031822976,7,False,False,False,False,False,False
2004-04-16,08:00:00,4.1,1405.75,546.0,18.650744712052674,1258.25,279.0,636.0,116.0,1890.25,1494.75,13.799999952316,61.099999427795,0.9594583061115122,8,False,False,False,False,False,False
2004-04-16,09:00:00,2.6,1149.75,251.0,9.863532129621102,972.5,186.0,827.25,105.0,1590.0,1187.75,15.300000190735,51.449999809265,0.8885905292255084,9,False,False,False,False,False,False
2004-04-16,10:00:00,2.3,1184.25,222.0,10.150649865204098,983.25,169.0,822.5,106.0,1604.25,1165.5,16.624999761581,48.724999427795,0.914579411268493,10,False,False,False,False,False,False
2004-04-16,11:00:00,2.6,1223.0,212.0,10.984293137716778,1013.75,172.0,780.75,108.0,1666.0,1218.5,17.624999523163,46.675001144409,0.9324404904535133,11,False,False,False,False,False,False
2004-04-16,12:00:00,2.4,1195.5,263.0,10.50935982454703,996.5,127.0,802.0,100.0,1643.5,1128.0,19.249999523163,42.674999237061,0.9425392973304247,12,False,False,False,False,False,False
2004-04-16,13:00:00,4.3,1559.25,535.0,18.93902281398212,1266.5,230.0,652.75,149.0,2046.5,1373.25,15.72500038147,62.525000572205,1.1091811926911568,13,False,False,False,False,False,False
2004-04-16,14:00:00,4.6,1543.75,609.0,18.930259427115473,1266.25,280.0,612.5,148.0,2065.75,1415.25,14.5,75.675001144409,1.242450209594471,14,False,False,False,False,False,False
2004-04-16,15:00:00,4.0,1485.3333333333,449.0,17.45160666197702,1223.3333333333,242.0,650.33333333333,126.0,1980.0,1302.0,14.433333396912,77.399998982747,1.2654048964232767,15,False,False,False,False,False,False
2004-04-16,16:00:00,4.7,1498.0,536.0,17.66091504876288,1229.5,250.0,649.25,140.0,1962.5,1308.0,14.625000238419,74.875,1.2391028608801187,16,False,False,False,False,False,False
2004-04-16,17:00:00,5.7,1593.25,743.0,22.999123584169165,1377.5,309.0,581.75,142.0,2158.75,1448.5,14.625,75.97500038147,1.257306696557672,17,False,False,False,False,False,False
2004-04-16,18:00:00,5.2,1528.5,575.0,20.444779979264574,1308.75,270.0,626.75,141.0,2083.25,1384.75,14.049999952316,76.25,1.216587393481297,18,False,False,False,False,False,False
2004-04-16,19:00:00,6.4,1689.0,783.0,26.80857133459717,1474.25,323.0,560.0,149.0,2298.25,1491.75,13.875,77.97500038147,1.2303172769585382,19,False,False,False,False,False,False
2004-04-16,20:00:00,6.0,1535.25,706.0,19.9493542369401,1295.0,307.0,627.25,140.0,2038.75,1379.5,13.775000095367,78.0,1.222888856820215,20,False,False,False,False,False,False
2004-04-16,21:00:00,3.4,1303.75,299.0,12.513760440386402,1067.25,224.0,736.75,117.0,1811.0,1166.75,13.5,79.350002288818,1.2224008181061226,21,False,False,False,False,False,False
2004-04-16,22:00:00,2.7,1234.5,159.0,9.606166402460243,962.75,166.0,803.0,103.0,1679.5,1094.75,13.075000047684,80.14999961853,1.2015897457661129,22,False,False,False,False,False,False
2004-04-16,23:00:00,3.1,1281.25,171.0,9.969956267880697,976.5,171.0,794.25,99.0,1695.25,1104.5,12.775000095367,81.02499961853,1.1915472720137008,23,False,False,False,False,False,False
2004-04-17,00:00:00,2.6,1167.0,162.0,8.117313840167903,904.0,169.0,845.5,100.0,1627.25,1051.0,12.725000143051,80.625,1.181862227181663,0,False,True,False,False,False,False
2004-04-17,01:00:00,2.2,1133.75,111.0,7.136442302880105,862.75,120.0,868.5,88.0,1598.75,1009.0,12.525000095367,81.799999237061,1.1837638563882131,1,False,True,False,False,False,False
2004-04-17,02:00:00,1.9,1099.75,134.0,6.37429750967153,829.0,103.0,886.75,83.0,1564.75,971.75,12.650000095367,81.224998474121,1.1849315050835767,2,False,True,False,False,False,False
2004-04-23,05:00:00,0.6,852.25,46.0,2.908548009422834,646.25,59.0,1186.0,59.0,1321.25,792.75,14.200000047684,52.224999427795,0.8412542412427915,5,False,False,False,False,False,False
2004-04-23,06:00:00,0.8,922.5,56.0,4.867985701735958,756.75,72.0,1040.75,67.0,1417.75,905.5,14.325000047684,55.449998855591,0.9003295857349358,6,False,False,False,False,False,False
2004-04-23,07:00:00,4.0,1490.0,452.0,22.61963360399776,1367.5,244.0,626.5,95.0,2119.25,1540.5,13.974999904633,57.950000762939,0.9202007975682098,7,False,False,False,False,False,False
2004-04-23,08:00:00,5.6,1662.0,880.0,31.080283310006756,1576.0,351.0,522.5,123.0,2416.5,1861.0,15.449999570847,53.275000572205,0.9288578285475296,8,False,False,False,False,False,False
2004-04-23,09:00:00,5.0,1552.5,759.0,22.120961773568652,1354.25,358.0,620.75,142.0,2030.0,1895.25,19.125000476837,42.125,0.9232729005031266,9,False,False,False,False,False,False
2004-04-23,10:00:00,3.2,1423.0,394.0,18.269310357149713,1247.25,245.0,705.5,142.0,1887.25,1683.75,23.724999427795,30.974999904633,0.8968243276782295,10,False,False,False,False,False,False
2004-04-23,11:00:00,3.8,1457.75,639.0,21.952680637394874,1349.75,240.0,677.25,169.0,1946.5,1731.0,26.875,25.650000095367,0.8942068252110229,11,False,False,False,False,False,False
2004-04-23,12:00:00,3.3,1348.5,541.0,20.074970891885066,1298.5,179.0,727.75,142.0,1838.0,1401.75,29.724999904633,20.625,0.8477569966778379,12,False,False,False,False,False,False
2004-04-23,13:00:00,3.0,1326.25,468.0,18.895223172864338,1265.25,160.0,756.5,136.0,1834.5,1245.75,29.175000190735,21.525000095367,0.8572791041714124,13,False,False,False,False,False,False
2004-04-23,14:00:00,3.2,1356.0,483.0,20.562636992329697,1312.0,174.0,729.0,147.0,1864.5,1341.5,29.575000286102,20.075000286102,0.8180917603585907,14,False,False,False,False,False,False
2004-04-23,15:00:00,4.4,1460.0,682.0,25.332296208368106,1437.5,260.0,680.25,196.0,1953.25,1488.75,30.0,19.400000095367,0.8100460144089966,15,False,False,False,False,False,False
2004-04-23,16:00:00,4.6,1497.25,698.0,25.77043437513818,1448.5,281.0,679.25,186.0,1984.75,1531.5,29.5,20.050000190735,0.8135681842377065,16,False,False,False,False,False,False
2004-04-23,17:00:00,5.2,1645.0,832.0,30.648568226684738,1566.0,284.0,599.25,177.0,2227.5,1909.0,26.999999523163,26.775000095367,0.9402551377278227,17,False,False,False,False,False,False
2004-04-23,18:00:00,4.8,1556.75,872.0,27.14486956999846,1482.5,250.0,614.5,164.0,2086.5,1757.25,24.875000476837,30.775000095367,0.9539753720704031,18,False,False,False,False,False,False
2004-04-23,19:00:00,5.6,1746.75,899.0,32.47902836428814,1608.0,281.0,556.5,161.0,2334.5,1982.5,23.099999427795,36.72500038147,1.0243561318064727,19,False,False,False,False,False,False
2004-04-23,20:00:00,4.6,1481.75,692.0,20.799216861460543,1318.5,230.0,660.25,146.0,1975.0,1702.75,21.474999904633,40.849999427795,1.0332878296964312,20,False,False,False,False,False,False
2004-04-23,21:00:00,1.8,1211.0,145.0,10.873367154415865,1009.75,98.0,816.0,98.0,1618.75,1245.75,20.450000286102,41.5,0.986400081513431,21,False,False,False,False,False,False
2004-04-23,22:00:00,2.2,1293.5,208.0,12.98013285612212,1083.0,121.0,770.25,108.0,1687.25,1320.5,19.200000286102,44.85000038147,0.98753941913091,22,False,False,False,False,False,False
2004-04-23,23:00:00,2.0,1299.75,204.0,11.809971767790579,1043.0,110.0,776.5,107.0,1658.75,1375.25,18.75,47.72500038147,1.0221427829620098,23,False,False,False,False,False,False
2004-04-24,00:00:00,2.8,1401.75,240.0,13.415907252484363,1097.5,161.0,735.75,113.0,1729.0,1455.5,18.200000286102,49.675000190735,1.0283812633306353,0,False,True,False,False,False,False
2004-04-24,01:00:00,2.6,1348.5,251.0,13.400778503920026,1097.0,148.0,707.0,100.0,1763.0,1442.0,16.125000238419,57.449998855591,1.045095058050404,1,False,True,False,False,False,False
2004-04-24,02:00:00,1.8,1160.5,173.0,8.959563141533142,937.75,109.0,826.75,87.0,1597.25,1243.25,16.325000286102,55.250000953674,1.0177596562947409,2,False,True,False,False,False,False
2004-04-24,05:00:00,0.7,932.75,65.0,3.7465224539215742,696.5,71.0,1045.25,65.0,1402.75,936.75,14.774999856949,57.72500038147,0.9644134560182183,5,False,True,False,False,False,False
2004-04-24,06:00:00,0.9,1021.0,119.0,5.743678765887553,799.75,75.0,930.5,64.0,1482.5,1018.5,14.0,59.724999427795,0.9498977765254076,6,False,True,False,False,False,False
2004-04-24,07:00:00,1.5,1133.5,151.0,10.023350836379478,978.5,106.0,794.0,73.0,1639.0,1139.5,14.600000143051,56.799999237061,0.938491403754598,7,False,True,False,False,False,False
2004-04-24,08:00:00,2.5,1310.5,305.0,14.95740609824808,1147.25,166.0,681.0,86.0,1838.0,1351.25,16.700000047684,51.900000572205,0.9787538224321507,8,False,True,False,False,False,False
2004-04-24,09:00:00,3.0,1408.75,415.0,15.637509605786938,1168.5,188.0,684.75,105.0,1874.25,1459.25,19.97500038147,45.0,1.0390344801482154,9,False,True,False,False,False,False
2004-04-24,10:00:00,2.6,1301.0,321.0,12.257814222912184,1058.5,161.0,786.5,107.0,1726.5,1297.0,23.874999523163,33.674999237061,0.9837464246031371,10,False,True,False,False,False,False
2004-04-24,11:00:00,2.6,1354.25,358.0,14.414829980330042,1130.0,139.0,764.5,114.0,1808.0,1291.25,26.75,29.499999523163,1.020949689011369,11,False,True,False,False,False,False
2004-04-24,12:00:00,2.6,1391.25,350.0,14.586896875181992,1135.5,134.0,737.5,105.0,1840.0,1296.25,27.200000286102,32.35000038147,1.1493441219809502,12,False,True,False,False,False,False
2004-04-24,13:00:00,1.9,1199.6666666667,238.0,8.729401946538436,928.66666666667,84.0,879.33333333333,74.0,1623.0,972.33333333333,26.933333714803,32.066666285197,1.1217137840877998,13,False,True,False,False,False,False
2004-04-24,14:00:00,2.0,1337.75,215.0,11.039936039300839,1015.75,98.0,797.5,95.0,1766.25,1193.5,24.349999904633,41.799999237061,1.2560621443065838,14,False,True,False,False,False,False
2004-04-24,15:00:00,1.7,1222.5,192.0,8.953194276149835,937.5,91.0,883.5,89.0,1610.0,879.5,25.550000190735,36.049999237061,1.1628860197547655,15,False,True,False,False,False,False
2004-04-24,16:00:00,1.9,1278.25,205.0,10.673538660162198,1002.5,99.0,845.0,95.0,1690.5,909.25,27.0,31.825000286102,1.1175955463051759,16,False,True,False,False,False,False
2004-04-24,17:00:00,1.8,1256.5,165.0,9.883449559735752,973.25,90.0,860.0,93.0,1633.75,838.75,27.474999904633,31.625000476837,1.1417004803952762,17,False,True,False,False,False,False
2004-04-24,18:00:00,2.8,1496.5,283.0,15.718368230168373,1171.0,147.0,724.75,123.0,1899.25,1248.25,24.925000190735,38.074999809265,1.183757211430434,18,False,True,False,False,False,False
2004-04-24,19:00:00,3.5,1567.25,467.0,19.39709886112469,1279.5,177.0,661.0,134.0,1969.5,1475.5,23.424999713898,39.650000572205,1.1276348445850977,19,False,True,False,False,False,False
2004-04-24,20:00:00,3.4,1502.5,485.0,16.752370054666,1202.5,162.0,651.25,126.0,1863.0,1501.75,21.200000286102,50.77499961853,1.263127727430111,20,False,True,False,False,False,False
2004-04-24,21:00:00,2.0,1169.25,202.0,6.849891943840394,850.25,88.0,905.75,79.0,1584.25,872.75,15.625,73.474998474121,1.2952523673543626,21,False,True,False,False,False,False
2004-04-24,22:00:00,1.1,1007.25,64.0,2.971926292666244,650.25,53.0,1157.25,54.0,1403.75,528.0,12.850000143051,79.674999237061,1.1773512963252348,22,False,True,False,False,False,False
2004-04-24,23:00:00,1.3,1003.75,71.0,3.2477498137764584,667.25,68.0,1156.5,69.0,1365.0,492.0,11.524999856949,76.924999237061,1.043601630601386,23,False,True,False,False,False,False
2004-04-25,00:00:00,1.2,967.25,84.0,3.145131870638927,661.0,61.0,1180.5,67.0,1320.75,463.0,12.174999713898,66.824999809265,0.9454912670227505,0,False,False,True,False,False,False
2004-04-25,01:00:00,1.3,983.5,70.0,3.9329319832196465,707.0,71.0,1131.0,73.0,1359.0,493.75,12.424999952316,64.050000190735,0.9209484011668969,1,False,False,True,False,False,False
2004-04-25,02:00:00,1.0,931.25,61.0,3.6157421823428297,689.0,63.0,1160.75,73.0,1317.25,503.25,12.725000143051,58.700000762939,0.8604690063535181,2,False,False,True,False,False,False
2004-04-25,05:00:00,0.3,763.0,20.0,0.7344693820247533,470.75,14.0,1783.25,20.0,1098.0,305.0,12.474999904633,50.925001144409,0.7345904167364049,5,False,False,True,False,False,False
2004-04-25,06:00:00,0.5,804.25,31.0,1.0554626452677138,504.5,34.0,1718.0,37.0,1148.0,328.75,12.849999904633,49.300000190735,0.7285022755033173,6,False,False,True,False,False,False
2004-04-25,07:00:00,0.6,830.0,41.0,1.3900029842660853,535.25,42.0,1496.25,50.0,1184.25,374.5,13.5,48.599999427795,0.7486915859719586,7,False,False,True,False,False,False
2004-04-25,08:00:00,0.6,832.5,40.0,1.5976545879321267,552.75,40.0,1475.5,45.0,1180.25,373.25,14.375,45.900000572205,0.7476395925538529,8,False,False,True,False,False,False
2004-04-25,09:00:00,0.8,874.75,35.0,2.264475119028675,603.25,48.0,1369.75,48.0,1206.25,384.5,15.099999904633,43.89999961853,0.7486775755447236,9,False,False,True,False,False,False
2004-04-25,10:00:00,1.0,881.5,44.0,2.5257266429937895,621.25,61.0,1345.75,56.0,1215.75,403.25,16.625000476837,38.550000190735,0.7235923749615487,10,False,False,True,False,False,False
2004-04-25,11:00:00,0.9,862.0,71.0,2.725755128418066,634.5,58.0,1320.0,58.0,1193.0,393.0,17.175000190735,34.950000762939,0.6789328681365581,11,False,False,True,False,False,False
2004-04-25,12:00:00,1.0,862.5,66.0,2.7411147981917328,635.5,57.0,1289.75,52.0,1185.0,388.25,17.400000095367,33.925000190735,0.668317434078012,12,False,False,True,False,False,False
2004-04-25,13:00:00,0.8,829.75,46.0,2.1661765697607542,596.25,54.0,1388.5,52.0,1145.25,371.0,17.874999523163,30.724999904633,0.6233994308689341,13,False,False,True,False,False,False
2004-04-25,14:00:00,0.7,806.75,50.0,1.9986514667070001,584.0,41.0,1488.0,44.0,1104.0,346.5,18.324999809265,27.199999809265,0.56746905362687,14,False,False,True,False,False,False
2004-04-25,15:00:00,0.9,872.5,51.0,3.376941467632198,675.0,57.0,1342.5,59.0,1181.0,395.75,19.425000190735,25.699999809265,0.5737522534125351,15,False,False,True,False,False,False
2004-04-25,16:00:00,1.3,930.75,64.0,4.524641622302657,739.0,83.0,1273.75,74.0,1219.0,473.75,20.150000572205,24.125,0.5630241722933084,16,False,False,True,False,False,False
2004-04-25,17:00:00,1.4,918.25,138.0,4.687724073925867,747.5,81.0,1228.25,76.0,1218.75,505.25,19.599999904633,24.925000190735,0.5624529362566842,17,False,False,True,False,False,False
2004-04-25,18:00:00,1.5,1000.5,137.0,5.977547426091629,810.75,98.0,1122.25,83.0,1343.75,624.75,18.474999904633,27.75,0.5843336421245581,18,False,False,True,False,False,False
2004-04-25,19:00:00,2.7,1169.25,303.0,11.695554651706665,1039.0,124.0,883.25,100.0,1549.75,940.75,17.800000190735,30.349999904633,0.6129331668071051,19,False,False,True,False,False,False
2004-04-25,20:00:00,2.5,1084.75,204.0,8.184612613324596,906.75,133.0,975.75,101.0,1418.75,893.0,16.574999809265,33.950000762939,0.6352593989669982,20,False,False,True,False,False,False
2004-04-25,21:00:00,1.4,939.5,95.0,5.106145385761624,768.75,100.0,1102.75,90.0,1309.5,730.75,15.450000047684,36.974999427795,0.6446648210741559,21,False,False,True,False,False,False
2004-04-25,22:00:00,2.8,1125.5,347.0,12.987594194106657,1083.25,116.0,874.5,93.0,1654.25,954.75,14.775000095367,39.47500038147,0.6595101233019042,22,False,False,True,False,False,False
2004-04-25,23:00:00,2.1,977.75,252.0,7.021221524297898,857.75,102.0,1013.25,79.0,1378.5,760.5,14.5,42.0,0.689566012736336,23,False,False,True,False,False,False
2004-04-26,00:00:00,1.1,893.0,66.0,3.8570157732997115,702.75,55.0,1192.25,57.0,1283.25,515.25,14.125000238419,44.949999809265,0.7206201232665347,0,True,False,False,False,False,False
2004-04-26,01:00:00,0.7,837.5,45.0,2.232676419214226,601.0,33.0,1360.5,43.0,1219.5,433.75,14.224999904633,45.450000762939,0.7332856489417178,1,True,False,False,False,False,False
2004-04-26,02:00:00,0.4,802.75,36.0,1.299207500464072,527.25,17.0,1513.0,25.0,1152.0,369.0,14.099999904633,45.27499961853,0.7246765108538018,2,True,False,False,False,False,False
2004-04-26,05:00:00,0.4,808.5,21.0,1.2246417165023897,520.5,35.0,1574.5,44.0,1158.25,377.75,13.875,43.875,0.6922753480278754,5,True,False,False,False,False,False
2004-04-26,06:00:00,0.8,897.5,60.0,3.3979797815818547,676.25,70.0,1271.25,72.0,1306.5,516.75,13.974999904633,43.824999809265,0.6959068032265376,6,True,False,False,False,False,False
2004-04-26,07:00:00,1.9,1052.5,155.0,7.545991665728901,880.25,116.0,981.75,91.0,1463.5,785.75,14.400000333786,43.599999427795,0.7113047765677238,7,True,False,False,False,False,False
2004-04-26,08:00:00,2.1,1032.5,235.0,8.864232997095865,934.0,134.0,917.0,89.0,1489.75,844.0,15.049999952316,41.72500038147,0.709339219339063,8,True,False,False,False,False,False
2004-04-26,09:00:00,1.4,941.25,89.0,5.328704583249726,779.75,113.0,1079.75,84.0,1342.5,719.75,16.274999856949,38.400000572205,0.7051525395706906,9,True,False,False,False,False,False
2004-04-26,10:00:00,1.4,941.25,76.0,5.364484431415103,781.5,110.0,1102.25,83.0,1328.0,667.75,18.349999904633,32.349999904633,0.6759563086304701,10,True,False,False,False,False,False
2004-04-26,11:00:00,1.3,916.5,101.0,5.171480026065283,772.0,98.0,1097.75,78.0,1311.25,604.5,18.824999809265,31.700000762939,0.6820745762000422,11,True,False,False,False,False,False
2004-04-26,12:00:00,1.5,976.5,109.0,6.5572069029204405,837.25,96.0,1038.0,80.0,1413.25,646.25,19.575000286102,30.925000190735,0.6967795614568852,12,True,False,False,False,False,False
2004-04-26,13:00:00,1.6,993.5,143.0,6.861257747977811,850.75,95.0,1018.25,75.0,1436.25,640.25,20.175000667572,30.700000286102,0.7175643096065705,13,True,False,False,False,False,False
2004-04-26,14:00:00,1.3,942.25,104.0,5.426058636400471,784.5,86.0,1065.0,77.0,1365.0,570.75,19.724999904633,32.524999141693,0.7395938437104213,14,True,False,False,False,False,False
2004-04-26,15:00:00,1.4,981.0,107.0,5.961475539335539,810.0,86.0,1059.75,77.0,1394.5,604.75,20.674999713898,31.550000190735,0.7602434196106473,15,True,False,False,False,False,False
2004-04-26,16:00:00,1.5,983.5,133.0,6.4460893359755085,832.25,91.0,1033.75,81.0,1409.5,635.5,19.97500038147,32.674999237061,0.7544544632471781,16,True,False,False,False,False,False
2004-04-26,17:00:00,2.2,1116.25,171.0,10.687269183772557,1003.0,119.0,864.25,101.0,1625.25,886.25,18.64999961853,35.39999961853,0.7535139723636176,17,True,False,False,False,False,False
2004-04-26,18:00:00,3.2,1180.5,405.0,13.903862790799815,1113.5,147.0,787.0,119.0,1685.25,1032.25,18.349999427795,35.89999961853,0.7501338664108033,18,True,False,False,False,False,False
2004-04-26,19:00:00,3.0,1163.0,334.0,12.521106305109699,1067.5,135.0,811.25,111.0,1615.75,977.25,17.800000190735,37.47500038147,0.7568260537755555,19,True,False,False,False,False,False
2004-04-26,20:00:00,2.6,1081.0,236.0,9.267535472195304,949.75,124.0,907.25,109.0,1496.25,924.25,17.275000095367,38.800000190735,0.7584312484673534,20,True,False,False,False,False,False
2004-04-26,21:00:00,1.6,1016.75,99.0,6.657904148776321,841.75,89.0,999.75,101.0,1440.75,845.5,17.300000190735,38.800001144409,0.7596125869987758,21,True,False,False,False,False,False
2004-04-26,22:00:00,1.5,966.0,93.0,5.287938393096692,777.75,79.0,1056.75,89.0,1358.5,754.75,16.400000095367,40.75,0.7541909167081108,22,True,False,False,False,False,False
2004-04-26,23:00:00,1.2,924.25,82.0,3.9733780589080423,709.25,63.0,1158.0,75.0,1318.0,609.75,16.049999952316,41.35000038147,0.7486807166667311,23,True,False,False,False,False,False
2004-04-27,00:00:00,0.8,860.75,51.0,2.2362001380106826,601.25,39.0,1351.0,51.0,1225.25,439.25,15.400000095367,43.049999237061,0.7482204738322885,0,False,False,False,False,True,False
2004-04-27,01:00:00,0.7,826.0,41.0,1.681021836007109,559.5,25.0,1424.25,39.0,1197.0,402.0,15.724999904633,42.499999046326,0.7539415879345778,1,False,False,False,False,True,False
2004-04-27,02:00:00,0.5,845.5,31.0,1.6499343670822566,557.0,19.0,1384.75,32.0,1211.5,405.5,15.625000238419,43.400000572205,0.7650759509458752,2,False,False,False,False,True,False
2004-04-27,05:00:00,0.7,929.75,38.0,3.2891897227614906,669.75,58.0,1142.75,68.0,1339.25,745.75,15.525000095367,47.27499961853,0.8281528051038762,5,False,False,False,False,True,False
2004-04-27,06:00:00,1.4,1119.5,111.0,8.889611855025933,935.0,112.0,842.75,76.0,1593.0,1125.5,14.425000190735,53.099999427795,0.8676673694217866,6,False,False,False,False,True,False
2004-04-27,07:00:00,4.1,1518.25,584.0,23.419667517994302,1388.5,314.0,588.5,122.0,2100.75,1703.0,15.899999856949,48.52499961853,0.8703505697133659,7,False,False,False,False,True,False
2004-04-27,08:00:00,4.6,1460.75,633.0,23.766162497512138,1397.5,240.0,629.75,129.0,2050.0,1627.5,18.124999523163,40.25,0.8294048076917425,8,False,False,False,False,True,False
2004-04-27,09:00:00,1.9,1074.75,145.0,7.916840904491177,895.75,128.0,937.5,94.0,1487.25,935.75,19.574999809265,35.949999809265,0.8099991662075281,9,False,False,False,False,True,False
2004-04-27,10:00:00,1.9,1061.25,155.0,8.215281246107265,908.0,141.0,967.5,99.0,1455.0,890.25,22.77499961853,29.099999904633,0.7960264456666307,10,False,False,False,False,True,False
2004-04-27,11:00:00,1.7,1065.75,128.0,8.794600710564875,931.25,118.0,978.5,81.0,1474.0,757.0,24.750000476837,25.324999332428,0.7792513596813168,11,False,False,False,False,True,False
2004-04-27,12:00:00,2.4,1179.0,255.0,14.61827524856374,1136.5,132.0,829.0,87.0,1651.25,948.5,27.150000095367,21.97500038147,0.7784673881581229,12,False,False,False,False,True,False
2004-04-27,13:00:00,3.0,1251.0,411.0,17.95116314189409,1238.0,150.0,772.5,107.0,1779.0,1108.75,28.150000095367,20.449999809265,0.7677328297830364,13,False,False,False,False,True,False
2004-04-27,14:00:00,2.0,1120.0,173.0,11.953660413569477,1048.0,121.0,898.0,95.0,1560.25,869.75,25.425000190735,24.150000095367,0.7733080989191695,14,False,False,False,False,True,False
2004-04-27,15:00:00,2.7,1187.25,277.0,14.791369810159708,1142.0,149.0,839.5,110.0,1651.0,1011.25,25.700000286102,23.775000095367,0.7737214718444138,15,False,False,False,False,True,False
2004-04-27,16:00:00,2.2,1144.5,259.0,12.477058689205466,1066.0,120.0,903.25,99.0,1592.0,885.25,27.150000095367,22.050000190735,0.7811242666390039,16,False,False,False,False,True,False
2004-04-27,17:00:00,2.9,1214.5,274.0,15.500458201665193,1164.25,155.0,817.0,113.0,1689.0,1015.25,27.025000095367,22.349999904633,0.7860073099655001,17,False,False,False,False,True,False
2004-04-27,18:00:00,3.4,1317.0,377.0,17.703472052446337,1230.75,172.0,765.5,127.0,1798.0,1154.75,24.52499961853,27.775000095367,0.8433262542377049,18,False,False,False,False,True,False
2004-04-27,19:00:00,3.9,1387.5,457.0,21.617763484967565,1340.75,177.0,702.25,131.0,1954.75,1314.75,23.674999713898,30.199999332428,0.8717841488608524,19,False,False,False,False,True,False
2004-04-27,20:00:00,3.6,1295.25,555.0,18.930259427115473,1266.25,181.0,716.25,137.0,1848.5,1358.75,21.500000476837,34.52499961853,0.8746206669064477,20,False,False,False,False,True,False
2004-04-27,21:00:00,2.5,1152.75,279.0,12.469723854570224,1065.75,135.0,810.5,122.0,1651.0,1194.0,19.875000476837,37.799999237061,0.8674691211087054,21,False,False,False,False,True,False
2004-04-27,22:00:00,1.8,1077.5,137.0,8.80092124258785,931.5,99.0,904.5,100.0,1511.0,950.5,18.89999961853,40.574999809265,0.8770756368123217,22,False,False,False,False,True,False
2004-04-27,23:00:00,2.0,1132.5,203.0,10.942639647639274,1012.25,111.0,806.0,108.0,1607.5,1054.25,17.900000095367,43.5,0.8839687641619655,23,False,False,False,False,True,False
2004-04-28,00:00:00,1.3,1055.0,101.0,7.9894928266871235,898.75,72.0,880.25,83.0,1504.0,979.5,17.375,46.324999809265,0.911177317011978,0,False,False,False,False,False,True
2004-04-28,01:00:00,1.0,953.0,86.0,4.448750215974709,735.0,54.0,999.0,74.0,1395.75,898.0,18.099999904633,44.650000572205,0.9186499324234736,1,False,False,False,False,False,True
2004-04-28,02:00:00,0.6,891.75,51.0,2.799040891215181,639.25,41.0,1138.5,64.0,1358.5,802.75,16.500000238419,50.10000038147,0.9330625744187726,2,False,False,False,False,False,True
2004-04-28,05:00:00,0.5,856.0,33.0,2.485027842230557,618.5,29.0,1191.25,39.0,1345.0,676.75,16.325000286102,52.77499961853,0.9721676840828803,5,False,False,False,False,False,True
2004-04-28,06:00:00,1.1,1030.0,95.0,7.528239978446694,879.5,76.0,892.0,69.0,1538.5,996.0,13.899999856949,60.724999427795,0.9596686100859407,6,False,False,False,False,False,True
2004-04-28,07:00:00,5.5,1688.75,754.0,30.401498663833067,1560.25,321.0,528.75,104.0,2395.5,1735.75,15.000000238419,58.27499961853,0.9875674041302506,7,False,False,False,False,False,True
2004-04-28,08:00:00,4.2,1486.25,588.0,22.00871347255381,1351.25,274.0,571.0,100.0,2111.75,1692.0,16.125000238419,54.75,0.9959783388697335,8,False,False,False,False,False,True
2004-04-28,09:00:00,4.6,1591.75,658.0,24.7400051194649,1422.5,322.0,577.0,146.0,2155.25,2108.25,19.250000476837,46.400000572205,1.024811418373179,9,False,False,False,False,False,True
2004-04-28,10:00:00,3.4,1468.75,372.0,18.424945508834465,1251.75,255.0,691.5,155.0,1903.25,1806.75,24.22500038147,33.849999904633,1.0096508428997506,10,False,False,False,False,False,True
2004-04-28,11:00:00,2.8,1364.0,386.0,16.835634342955675,1205.0,196.0,722.75,139.0,1850.25,1565.75,26.699999809265,28.675000190735,0.989504345988321,11,False,False,False,False,False,True
2004-04-28,12:00:00,2.5,1284.75,333.0,14.204847863924446,1123.25,136.0,754.75,121.0,1741.25,1293.0,27.35000038147,28.174999713898,1.0097873861920998,12,False,False,False,False,False,True
2004-04-28,13:00:00,2.4,1310.5,293.0,15.669831720124469,1169.5,119.0,747.75,108.0,1786.75,1219.25,28.124999523163,26.925000190735,1.0093561026889535,13,False,False,False,False,False,True
2004-04-28,14:00:00,3.2,1416.0,511.0,21.887385978147933,1348.0,169.0,684.0,126.0,1968.75,1329.75,27.699999809265,26.5,0.9692616829149175,14,False,False,False,False,False,True
2004-04-28,15:00:00,3.5,1387.25,559.0,20.771860311810173,1317.75,197.0,700.5,145.0,1889.5,1298.5,28.424999713898,23.424999713898,0.893508151625435,15,False,False,False,False,False,True
2004-04-28,16:00:00,2.9,1329.25,375.0,16.158072457294086,1184.5,140.0,768.25,121.0,1750.0,1111.0,28.39999961853,26.049999713898,0.9922010888223821,16,False,False,False,False,False,True
2004-04-28,17:00:00,3.6,1495.75,509.0,19.82407389759504,1291.5,178.0,680.25,145.0,1878.25,1299.75,27.349999427795,30.0,1.0751950386271245,17,False,False,False,False,False,True
2004-04-28,18:00:00,4.8,1675.75,790.0,28.89504382424004,1524.75,223.0,567.25,160.0,2226.0,1652.5,24.324999809265,37.324999809265,1.1199288088642156,18,False,False,False,False,False,True
2004-04-28,19:00:00,5.4,1724.0,816.0,28.268345312814752,1509.75,222.0,562.25,155.0,2252.25,1716.25,23.074999809265,42.174999237061,1.1746123328907798,19,False,False,False,False,False,True
2004-04-28,20:00:00,5.3,1641.75,804.0,24.85798525395304,1425.5,265.0,597.0,162.0,2117.25,1719.75,21.75,43.64999961853,1.1226178441823345,20,False,False,False,False,False,True
2004-04-28,21:00:00,2.7,1266.75,332.0,13.137204610141337,1088.25,151.0,764.25,129.0,1740.0,1338.5,19.825000286102,46.775000572205,1.0701576047605204,21,False,False,False,False,False,True
2004-04-28,22:00:00,1.4,1145.75,156.0,8.587110474608117,923.0,79.0,845.0,96.0,1574.75,1165.75,19.575000286102,49.800000190735,1.1220573024878753,22,False,False,False,False,False,True
2004-04-28,23:00:00,1.6,1215.5,143.0,9.521023174945546,959.5,87.0,787.75,92.0,1662.25,1255.75,17.900000095367,56.199999809265,1.14204699717928,23,False,False,False,False,False,True
2004-04-29,00:00:00,1.5,1127.75,117.0,7.796383745721157,890.75,88.0,837.5,89.0,1574.0,1124.5,17.400000095367,55.64999961853,1.096296676268126,0,False,False,False,True,False,False
2004-04-29,01:00:00,1.0,1041.75,84.0,5.166441714864394,771.75,51.0,923.25,61.0,1495.0,968.25,16.775000572205,59.47500038147,1.1268757810006673,1,False,False,False,True,False,False
2004-04-29,02:00:00,0.6,925.5,60.0,2.795163092071645,639.0,34.0,1115.25,54.0,1409.0,814.0,15.924999713898,60.14999961853,1.0805544901035757,2,False,False,False,True,False,False
2004-04-29,05:00:00,0.8,958.75,64.0,4.42043213737691,733.5,76.0,1038.0,57.0,1469.5,860.5,13.325000047684,66.975002288818,1.0202793236611638,5,False,False,False,True,False,False
2004-04-29,06:00:00,1.5,1096.5,148.0,9.42969212863617,956.0,139.0,826.5,68.0,1620.0,1046.75,12.875,66.52499961853,0.984613721630688,6,False,False,False,True,False,False
2004-04-29,07:00:00,4.9,1674.0,635.0,29.814141140129138,1546.5,293.0,539.25,95.0,2404.5,1665.25,14.775000095367,61.27499961853,1.0237234240208,7,False,False,False,True,False,False
2004-04-29,08:00:00,7.2,1771.25,1129.0,36.15925682152963,1689.5,368.0,461.25,125.0,2572.25,1982.0,16.125000238419,56.474999427795,1.0273584679043728,8,False,False,False,True,False,False
2004-04-29,09:00:00,3.5,1408.25,475.0,18.03691385773884,1240.5,250.0,647.5,135.0,1886.0,1711.25,18.60000038147,47.800000190735,1.0143235315700396,9,False,False,False,True,False,False
2004-04-29,10:00:00,2.1,1155.5,220.0,10.852621988236002,1009.0,145.0,874.5,118.0,1583.0,1203.5,23.75,30.249999523163,0.8771387751986929,10,False,False,False,True,False,False
2004-04-29,11:00:00,1.5,1041.75,105.0,9.029748042099776,940.5,110.0,971.0,91.0,1490.5,871.25,25.375,24.950000286102,0.7965749314193643,11,False,False,False,True,False,False
2004-04-29,12:00:00,2.0,1167.0,190.0,14.352476125785513,1128.0,104.0,828.75,89.0,1716.25,1040.25,25.550000190735,25.52499961853,0.8233749192460219,12,False,False,False,True,False,False
2004-04-29,13:00:00,3.8,1397.75,516.0,22.336784407921467,1360.0,205.0,656.25,129.0,2037.25,1438.75,24.949999809265,29.949999809265,0.9325265341358673,13,False,False,False,True,False,False
2004-04-29,14:00:00,3.4,1457.5,346.0,20.87224268918105,1320.5,201.0,654.0,122.0,2023.25,1516.0,22.449999809265,37.874999046326,1.0160472032092285,14,False,False,False,True,False,False
2004-04-29,15:00:00,4.4,1554.0,565.0,23.05627912378712,1379.0,266.0,613.5,138.0,2151.25,1692.75,21.650000095367,43.97500038147,1.1241654272811101,15,False,False,False,True,False,False
2004-04-29,16:00:00,3.9,1495.0,483.0,21.23900702566938,1330.5,246.0,615.25,136.0,2068.75,1635.25,21.375,44.449999809265,1.1175650104883064,16,False,False,False,True,False,False
2004-04-29,17:00:00,4.9,1559.75,651.0,24.779305241893294,1423.5,247.0,579.0,143.0,2175.5,1687.5,20.824999809265,45.300000190735,1.101569728162644,17,False,False,False,True,False,False
2004-04-29,18:00:00,5.4,1663.5,657.0,28.633207537838935,1518.5,271.0,553.25,145.0,2312.25,1819.5,20.175000190735,48.575000762939,1.1353643500764277,18,False,False,False,True,False,False
2004-04-29,19:00:00,6.5,1760.6666666667,830.0,32.5820457260387,1610.3333333333,332.0,502.0,146.0,2488.3333333333,2006.0,20.233333587646,50.833334604899,1.1923862693264655,19,False,False,False,True,False,False
2004-04-29,20:00:00,4.3,1524.0,435.0,19.238006003954073,1275.0,245.0,607.75,122.0,2046.25,1740.25,18.599999904633,57.64999961853,1.2233420346122454,20,False,False,False,True,False,False
2004-04-29,21:00:00,2.9,1398.25,209.0,16.28934734607158,1188.5,180.0,646.0,112.0,1930.75,1577.0,18.199999809265,58.800000190735,1.21728870586828,21,False,False,False,True,False,False
2004-04-29,22:00:00,2.7,1341.5,202.0,13.666581289855579,1105.75,156.0,694.0,102.0,1856.0,1443.0,17.849999427795,60.97500038147,1.2352448991120721,22,False,False,False,True,False,False
2004-04-29,23:00:00,2.8,1432.75,174.0,13.605630197714015,1103.75,172.0,681.0,97.0,1876.25,1411.25,16.974999904633,70.650001525879,1.3554282038616814,23,False,False,False,True,False,False
2004-04-30,00:00:00,2.3,1297.25,170.0,11.123625027988625,1018.75,137.0,732.75,85.0,1822.75,1216.5,16.200000286102,76.875,1.405058710711074,0,False,False,False,False,False,False
2004-04-30,01:00:00,1.7,1178.75,116.0,7.6350173007290705,884.0,91.0,830.0,76.0,1696.25,1086.0,15.725000143051,78.599998474121,1.3943484677671674,1,False,False,False,False,False,False
2004-04-30,02:00:00,1.2,1096.75,91.0,5.940075060201868,809.0,80.0,897.25,74.0,1628.25,1049.5,15.724999904633,78.449998855591,1.391687483243912,2,False,False,False,False,False,False
2004-04-30,05:00:00,0.8,1005.0,48.0,4.500866777005056,737.75,68.0,1004.5,66.0,1563.25,916.5,15.650000095367,74.724998474121,1.3193632938493325,5,False,False,False,False,False,False
2004-04-30,06:00:00,1.7,1205.75,111.0,9.25461476874498,949.25,162.0,818.25,90.0,1771.0,1115.75,15.924999713898,73.125001907349,1.3136417232075381,6,False,False,False,False,False,False
2004-04-30,07:00:00,3.0,1457.75,345.0,18.32976825325144,1249.0,213.0,662.0,111.0,2033.0,1379.75,16.550000190735,68.174999237061,1.2736706850791155,7,False,False,False,False,False,False
2004-04-30,08:00:00,3.4,1405.25,332.0,19.940394484258096,1294.75,161.0,638.0,103.0,2064.5,1377.5,18.724999904633,57.625000953674,1.2322741844588934,8,False,False,False,False,False,False
2004-04-30,09:00:00,3.3,1381.25,344.0,16.619513457363613,1198.5,209.0,684.75,117.0,1969.5,1364.75,17.574999809265,65.0,1.2944974971974041,9,False,False,False,False,False,False
2004-04-30,10:00:00,2.7,1314.5,212.0,12.646267058074494,1071.75,191.0,735.5,116.0,1833.25,1273.0,16.299999237061,73.174999237061,1.3458453405509414,10,False,False,False,False,False,False
2004-04-30,11:00:00,2.6,1332.25,166.0,12.935403223060518,1081.5,215.0,706.5,109.0,1889.0,1241.5,16.049999713898,78.47500038147,1.4208637993827462,11,False,False,False,False,False,False
2004-04-30,12:00:00,3.2,1361.5,214.0,14.878242654505954,1144.75,212.0,673.0,116.0,1972.5,1294.25,17.25,72.375001907349,1.4125279130664443,12,False,False,False,False,False,False
2004-04-30,13:00:00,3.4,1398.5,377.0,17.389585098903208,1221.5,202.0,642.5,115.0,2060.75,1413.0,19.35000038147,60.949999809265,1.354460230949523,13,False,False,False,False,False,False
2004-04-30,14:00:00,2.6,1310.25,210.0,15.363921475301675,1160.0,153.0,694.75,94.0,1939.25,1224.25,21.39999961853,50.924999237061,1.2822989259862503,14,False,False,False,False,False,False
2004-04-30,15:00:00,3.4,1399.25,265.0,16.685885382952215,1200.5,185.0,699.25,121.0,1971.25,1317.75,22.699999809265,45.77499961853,1.2465484083637006,15,False,False,False,False,False,False
2004-04-30,16:00:00,4.0,1523.5,365.0,17.99401672262385,1239.25,210.0,643.5,114.0,2138.75,1403.5,20.900000572205,60.800001144409,1.485238238323089,16,False,False,False,False,False,False
2004-04-30,17:00:00,4.5,1487.0,454.0,19.202727916183612,1274.0,215.0,640.5,110.0,2132.75,1470.75,21.025000095367,54.250000953674,1.335327842414273,17,False,False,False,False,False,False
2004-04-30,18:00:00,4.2,1479.75,460.0,20.99114229848315,1323.75,215.0,622.0,122.0,2162.25,1623.0,20.775000095367,54.425001144409,1.3194487672820148,18,False,False,False,False,False,False
2004-04-30,19:00:00,5.7,1625.75,642.0,26.87975794179499,1476.0,281.0,555.0,135.0,2355.75,1786.0,19.800000190735,58.625,1.3392217061321487,19,False,False,False,False,False,False
2004-04-30,20:00:00,4.4,1449.25,501.0,19.494597136811635,1282.25,254.0,625.0,133.0,2099.5,1568.5,19.075000286102,61.075000762939,1.3344998617192159,20,False,False,False,False,False,False
2004-04-30,21:00:00,3.1,1362.5,234.0,15.100351352212376,1151.75,189.0,683.75,110.0,1951.25,1494.75,18.200000286102,65.350002288818,1.3528881259062195,21,False,False,False,False,False,False
2004-04-30,22:00:00,3.0,1371.25,212.0,14.59473877353001,1135.75,174.0,689.0,102.0,1926.75,1471.25,18.074999809265,66.10000038147,1.357868855272095,22,False,False,False,False,False,False
2004-04-30,23:00:00,3.1,1406.25,275.0,13.697100382456913,1106.75,167.0,718.25,108.0,1871.5,1383.75,17.699999809265,66.875,1.3422182010696533,23,False,False,False,False,False,False
2004-05-01,00:00:00,3.5,1424.5,275.0,15.187991985721865,1154.5,185.0,709.25,110.0,1935.75,1788.75,17.775000095367,66.750001907349,1.345959864201086,0,False,True,False,False,False,False
